Date,Stock,Volume,Avg_Volume,Volume_Ratio
2025-05-28,ITC.NS,431851622,63051976.0,6.85
2026-01-01,ITC.NS,282626710,63051976.0,4.48
2024-08-30,HDFCBANK.NS,445342100,119804053.0,3.72
2026-04-22,HCLTECH.NS,33066256,9027594.0,3.66
2024-11-25,HDFCBANK.NS,427737274,119804053.0,3.57
2026-05-29,HINDUNILVR.NS,17701621,5293971.0,3.34
2024-06-04,SBIN.NS,122381193,42034770.0,2.91
2026-05-29,INFY.NS,69085430,23943711.0,2.89
2024-01-15,WIPRO.NS,127844264,46059400.0,2.78
2025-09-26,TITAN.NS,7524068,3287033.0,2.29
2024-05-03,BAJFINANCE.NS,68186010,29897673.0,2.28
2024-07-23,TITAN.NS,7159507,3287033.0,2.18
2026-05-29,TCS.NS,16331582,7578173.0,2.16
2026-01-29,MSFT,128855300,61018778.0,2.11
2024-05-06,TITAN.NS,6891728,3287033.0,2.1
2024-04-25,AXISBANK.NS,46136295,22115528.0,2.09
2024-06-05,HINDUNILVR.NS,11061076,5293971.0,2.09
2024-09-20,AAPL,318679900,154017443.0,2.07
2024-06-21,WIPRO.NS,95171176,46059400.0,2.07
2025-10-06,AMD,248859600,125297377.0,1.99
2024-04-26,BAJFINANCE.NS,58147230,29897673.0,1.94
2024-05-09,LT.NS,12120574,6325807.0,1.92
2026-02-13,INFY.NS,45785709,23943711.0,1.91
2023-07-21,INFY.NS,45548305,23943711.0,1.9
2025-01-30,BAJFINANCE.NS,56488830,29897673.0,1.89
2025-10-30,META,88440100,46842268.0,1.89
2026-01-02,ITC.NS,118790358,63051976.0,1.88
2023-05-31,ONGC.NS,83741017,44532752.0,1.88
2024-09-20,ICICIBANK.NS,73257767,40030018.0,1.83
2024-02-02,META,84707600,46842268.0,1.81
2026-05-11,TITAN.NS,5925166,3287033.0,1.8
2026-05-29,WIPRO.NS,82734524,46059400.0,1.8
2024-04-16,ONGC.NS,79082544,44532752.0,1.78
2024-07-12,TCS.NS,13509164,7578173.0,1.78
2024-04-25,META,82890700,46842268.0,1.77
2024-02-08,SBIN.NS,74222434,42034770.0,1.77
2024-06-05,SBIN.NS,74256082,42034770.0,1.77
2026-04-24,INFY.NS,42078914,23943711.0,1.76
2025-01-14,HCLTECH.NS,15819311,9027594.0,1.75
2026-04-17,WIPRO.NS,80542603,46059400.0,1.75
2024-10-24,HINDUNILVR.NS,9216267,5293971.0,1.74
2023-09-20,RELIANCE.NS,57081884,32745293.0,1.74
2024-06-21,ICICIBANK.NS,69259425,40030018.0,1.73
2025-07-18,AXISBANK.NS,38053695,22115528.0,1.72
2026-03-13,LT.NS,10778730,6325807.0,1.7
2024-04-15,ONGC.NS,75063828,44532752.0,1.69
2024-03-13,ITC.NS,105525827,63051976.0,1.67
2026-05-29,ONGC.NS,74403401,44532752.0,1.67
2024-03-15,ICICIBANK.NS,66192734,40030018.0,1.65
2026-01-28,ONGC.NS,73427983,44532752.0,1.65
2024-07-22,WIPRO.NS,76014568,46059400.0,1.65
2025-05-07,GOOGL,127490100,77926533.0,1.64
2024-06-05,LT.NS,10372458,6325807.0,1.64
2025-07-15,HCLTECH.NS,14685607,9027594.0,1.63
2024-06-04,ONGC.NS,72779900,44532752.0,1.63
2024-07-08,TITAN.NS,5323920,3287033.0,1.62
2024-10-18,WIPRO.NS,74653054,46059400.0,1.62
2024-06-07,WIPRO.NS,72672440,46059400.0,1.58
2024-06-21,AAPL,241805100,154017443.0,1.57
2026-02-06,AMZN,179210900,114176079.0,1.57
2023-05-31,AXISBANK.NS,34757004,22115528.0,1.57
2025-04-09,BAC,161173500,102897738.0,1.57
2024-06-04,LT.NS,9920882,6325807.0,1.57
2026-05-29,BAJFINANCE.NS,46752428,29897673.0,1.56
2024-05-07,HINDUNILVR.NS,8277810,5293971.0,1.56
2026-05-25,WIPRO.NS,72041558,46059400.0,1.56
2024-05-31,INFY.NS,37113815,23943711.0,1.55
2025-01-17,AXISBANK.NS,33831617,22115528.0,1.53
2024-06-03,SBIN.NS,64269020,42034770.0,1.53
2023-11-16,BAJFINANCE.NS,45570430,29897673.0,1.52
2024-01-31,LT.NS,9637606,6325807.0,1.52
2025-01-20,AXISBANK.NS,33440507,22115528.0,1.51
2025-03-21,ICICIBANK.NS,60494318,40030018.0,1.51
2026-05-06,LT.NS,9540104,6325807.0,1.51
2023-08-24,NVDA,1156044000,766450193.0,1.51
2024-07-25,AXISBANK.NS,32979871,22115528.0,1.49
2024-03-08,NVDA,1142269000,766450193.0,1.49
2024-06-04,HINDUNILVR.NS,7826048,5293971.0,1.48
2024-08-07,ONGC.NS,66110716,44532752.0,1.48
2026-03-02,ONGC.NS,65843426,44532752.0,1.48
2025-04-23,HCLTECH.NS,13293318,9027594.0,1.47
2026-02-13,TCS.NS,11168735,7578173.0,1.47
2025-10-31,AMZN,166340800,114176079.0,1.46
2024-12-20,ICICIBANK.NS,58491181,40030018.0,1.46
2025-02-03,BAJFINANCE.NS,43369260,29897673.0,1.45
2023-09-15,HDFCBANK.NS,173411202,119804053.0,1.45
2024-05-31,TCS.NS,10956800,7578173.0,1.45
2026-05-08,TITAN.NS,4777990,3287033.0,1.45
2026-03-19,HDFCBANK.NS,171637393,119804053.0,1.43
2026-02-04,TCS.NS,10852595,7578173.0,1.43
2026-01-19,WIPRO.NS,65833247,46059400.0,1.43
2024-01-17,HDFCBANK.NS,170145236,119804053.0,1.42
2023-10-26,META,66684100,46842268.0,1.42
2024-12-20,JPM,32348400,23091550.0,1.4
2026-02-12,TCS.NS,10612156,7578173.0,1.4
2023-07-04,BAJFINANCE.NS,41622080,29897673.0,1.39
2024-01-30,BAJFINANCE.NS,41531470,29897673.0,1.39
2025-06-27,GOOGL,108140200,77926533.0,1.39
2023-08-02,AMD,173372000,125297377.0,1.38
2026-05-29,HCLTECH.NS,12446602,9027594.0,1.38
2025-07-30,LT.NS,8760659,6325807.0,1.38
2026-04-10,TCS.NS,10480239,7578173.0,1.38
2024-11-06,TITAN.NS,4522923,3287033.0,1.38
2025-10-08,TITAN.NS,4531362,3287033.0,1.38
2025-07-11,HINDUNILVR.NS,7242235,5293971.0,1.37
2024-04-12,JPM,31532300,23091550.0,1.37
2023-07-27,META,64229200,46842268.0,1.37
2026-05-19,TCS.NS,10394707,7578173.0,1.37
2023-07-13,HCLTECH.NS,12294227,9027594.0,1.36
2026-03-27,ONGC.NS,60048871,44532752.0,1.35
2023-08-04,AMZN,153128500,114176079.0,1.34
2024-01-18,HDFCBANK.NS,161070930,119804053.0,1.34
2026-05-19,INFY.NS,32175705,23943711.0,1.34
2026-03-16,LT.NS,8459233,6325807.0,1.34
2024-06-21,AXISBANK.NS,29311314,22115528.0,1.33
2025-04-07,BAC,137329100,102897738.0,1.33
2025-04-30,BAJFINANCE.NS,39690570,29897673.0,1.33
2025-09-03,GOOGL,103336100,77926533.0,1.33
2025-04-24,HINDUNILVR.NS,7065430,5293971.0,1.33
2024-06-06,LT.NS,8374602,6325807.0,1.32
2025-06-05,TSLA,287499800,218354875.0,1.32
2023-05-31,NVDA,1002580000,766450193.0,1.31
2023-12-20,ONGC.NS,57762576,44532752.0,1.3
2024-01-15,ONGC.NS,57884916,44532752.0,1.3
2026-05-29,RELIANCE.NS,42634247,32745293.0,1.3
2024-06-12,AAPL,198134300,154017443.0,1.29
2023-12-15,MSFT,78502300,61018778.0,1.29
2025-10-08,AMD,159983500,125297377.0,1.28
2026-01-29,META,59852900,46842268.0,1.28
2024-04-29,HCLTECH.NS,11493223,9027594.0,1.27
2024-01-23,ICICIBANK.NS,50797448,40030018.0,1.27
2023-10-13,JPM,29427000,23091550.0,1.27
2026-03-09,ONGC.NS,56512457,44532752.0,1.27
2024-08-30,RELIANCE.NS,41620730,32745293.0,1.27
2026-05-29,MSFT,77168677,61018778.0,1.26
2023-07-21,NVDA,963769000,766450193.0,1.26
2024-07-19,INFY.NS,29819116,23943711.0,1.25
2026-04-28,RELIANCE.NS,41027699,32745293.0,1.25
2023-08-04,SBIN.NS,52725616,42034770.0,1.25
2024-08-02,AMZN,141448400,114176079.0,1.24
2024-09-10,JPM,28406900,23091550.0,1.23
2023-09-12,LT.NS,7788759,6325807.0,1.23
2025-10-31,META,56953200,46842268.0,1.22
2024-01-29,ONGC.NS,54127939,44532752.0,1.22
2026-04-24,HCLTECH.NS,10903519,9027594.0,1.21
2024-03-15,ITC.NS,76074975,63051976.0,1.21
2024-10-31,LT.NS,7637083,6325807.0,1.21
2026-03-04,LT.NS,7635350,6325807.0,1.21
2023-08-25,NVDA,925341000,766450193.0,1.21
2026-03-04,ONGC.NS,53722773,44532752.0,1.21
2025-04-09,AAPL,184395900,154017443.0,1.2
2024-03-28,BAJFINANCE.NS,35745180,29897673.0,1.2
2024-03-15,HDFCBANK.NS,143613804,119804053.0,1.2
2026-02-04,INFY.NS,28828622,23943711.0,1.2
2024-02-02,LT.NS,7579802,6325807.0,1.2
2023-05-30,NVDA,923401000,766450193.0,1.2
2025-07-08,TITAN.NS,3952270,3287033.0,1.2
2024-07-08,ONGC.NS,53136198,44532752.0,1.19
2025-01-07,ONGC.NS,52956766,44532752.0,1.19
2023-07-19,RELIANCE.NS,39122156,32745293.0,1.19
2023-12-26,WIPRO.NS,54628644,46059400.0,1.19
2025-04-17,WIPRO.NS,54875421,46059400.0,1.19
2025-04-04,JPM,27170700,23091550.0,1.18
2023-07-20,RELIANCE.NS,38717624,32745293.0,1.18
2024-03-19,TCS.NS,8931209,7578173.0,1.18
2024-07-12,WIPRO.NS,54186042,46059400.0,1.18
2023-07-21,AMZN,133307300,114176079.0,1.17
2023-07-14,JPM,27028400,23091550.0,1.17
2023-11-22,NVDA,899420000,766450193.0,1.17
2026-05-12,ONGC.NS,52080828,44532752.0,1.17
2024-08-29,RELIANCE.NS,38335358,32745293.0,1.17
2024-05-09,SBIN.NS,49290254,42034770.0,1.17
2024-07-24,TITAN.NS,3862140,3287033.0,1.17
2026-04-08,TITAN.NS,3834533,3287033.0,1.17
2023-12-15,HDFCBANK.NS,138837130,119804053.0,1.16
2026-02-24,INFY.NS,27839061,23943711.0,1.16
2026-04-08,LT.NS,7368477,6325807.0,1.16
2025-12-19,MSFT,70836100,61018778.0,1.16
2026-04-30,MSFT,70909400,61018778.0,1.16
2024-01-30,ONGC.NS,51491099,44532752.0,1.16
2024-07-15,ONGC.NS,51435537,44532752.0,1.16
2026-04-28,ONGC.NS,51575179,44532752.0,1.16
2025-10-10,TCS.NS,8817365,7578173.0,1.16
2024-07-15,HCLTECH.NS,10337489,9027594.0,1.15
2026-01-06,ITC.NS,72582738,63051976.0,1.15
2024-10-03,RELIANCE.NS,37757294,32745293.0,1.15
2025-11-25,GOOGL,88632100,77926533.0,1.14
2024-05-31,HCLTECH.NS,10319045,9027594.0,1.14
2026-03-20,INFY.NS,27299975,23943711.0,1.14
2023-07-21,MSFT,69405400,61018778.0,1.14
2024-04-19,NVDA,875198000,766450193.0,1.14
2026-05-08,SBIN.NS,48065909,42034770.0,1.14
2024-01-17,AXISBANK.NS,24913719,22115528.0,1.13
2026-02-05,GOOGL,88205800,77926533.0,1.13
2025-08-20,HCLTECH.NS,10219330,9027594.0,1.13
2026-04-30,META,52765000,46842268.0,1.13
2024-02-22,NVDA,865100000,766450193.0,1.13
2024-10-04,RELIANCE.NS,37072876,32745293.0,1.13
2023-12-15,TCS.NS,8531230,7578173.0,1.13
2024-06-11,AAPL,172373300,154017443.0,1.12
2024-01-19,AMD,140367900,125297377.0,1.12
2023-11-30,AXISBANK.NS,24755589,22115528.0,1.12
2025-04-03,BAC,115497900,102897738.0,1.12
2024-01-12,INFY.NS,26754401,23943711.0,1.12
2026-01-14,JPM,25951500,23091550.0,1.12
2025-01-03,ONGC.NS,49760410,44532752.0,1.12
2024-06-04,RELIANCE.NS,36709098,32745293.0,1.12
2026-05-11,SBIN.NS,46927396,42034770.0,1.12
2024-04-29,TSLA,243869700,218354875.0,1.12
2023-11-01,AMD,138641500,125297377.0,1.11
2025-01-23,AXISBANK.NS,24649522,22115528.0,1.11
2026-02-24,HCLTECH.NS,10004684,9027594.0,1.11
2026-04-10,WIPRO.NS,51219565,46059400.0,1.11
2023-10-27,AMZN,125309300,114176079.0,1.1
2024-06-04,BAJFINANCE.NS,32993870,29897673.0,1.1
2024-07-23,LT.NS,6957691,6325807.0,1.1
2023-07-07,TITAN.NS,3630808,3287033.0,1.1
2024-06-04,AXISBANK.NS,24135989,22115528.0,1.09
2025-11-24,GOOGL,85165100,77926533.0,1.09
2024-06-04,ICICIBANK.NS,43476837,40030018.0,1.09
2026-02-12,INFY.NS,26048896,23943711.0,1.09
2023-06-23,META,51092000,46842268.0,1.09
2026-02-05,MSFT,66289200,61018778.0,1.09
2024-05-23,NVDA,835065000,766450193.0,1.09
2025-04-04,AMZN,123159400,114176079.0,1.08
2023-10-25,GOOGL,84366200,77926533.0,1.08
2024-01-15,HCLTECH.NS,9712071,9027594.0,1.08
2026-02-06,ITC.NS,68057745,63051976.0,1.08
2024-02-23,NVDA,829388000,766450193.0,1.08
2024-07-18,ONGC.NS,48189915,44532752.0,1.08
2026-01-29,ONGC.NS,48267023,44532752.0,1.08
2025-08-06,AMD,133641800,125297377.0,1.07
2025-08-01,AMZN,122258800,114176079.0,1.07
2024-11-06,BAC,110086700,102897738.0,1.07
2025-12-19,META,49977100,46842268.0,1.07
2025-01-27,NVDA,818830900,766450193.0,1.07
2024-05-03,AAPL,163224100,154017443.0,1.06
2025-09-19,AAPL,163741300,154017443.0,1.06
2023-06-13,AMD,132461900,125297377.0,1.06
2024-01-31,AMD,133157300,125297377.0,1.06
2025-01-02,BAJFINANCE.NS,31716510,29897673.0,1.06
2026-02-17,INFY.NS,25347684,23943711.0,1.06
2025-12-19,JPM,24494400,23091550.0,1.06
2023-07-18,MSFT,64738600,61018778.0,1.06
2023-10-17,NVDA,812333000,766450193.0,1.06
2024-06-11,ONGC.NS,47270206,44532752.0,1.06
2026-01-07,TITAN.NS,3496340,3287033.0,1.06
2024-02-12,WIPRO.NS,48873500,46059400.0,1.06
2024-01-18,AMD,131864900,125297377.0,1.05
2025-04-04,BAC,107761200,102897738.0,1.05
2024-07-18,HINDUNILVR.NS,5569762,5293971.0,1.05
2026-04-22,HINDUNILVR.NS,5558325,5293971.0,1.05
2024-01-17,ICICIBANK.NS,41914771,40030018.0,1.05
2024-06-05,ICICIBANK.NS,42172104,40030018.0,1.05
2024-12-20,META,48989400,46842268.0,1.05
2024-12-20,MSFT,64263700,61018778.0,1.05
2024-09-05,TITAN.NS,3437885,3287033.0,1.05
2025-04-07,AAPL,160466300,154017443.0,1.04
2025-06-27,AMZN,119217100,114176079.0,1.04
2023-12-14,BAC,107190000,102897738.0,1.04
2024-07-24,BAJFINANCE.NS,31006260,29897673.0,1.04
2024-05-31,HINDUNILVR.NS,5529186,5293971.0,1.04
2025-07-31,HINDUNILVR.NS,5505507,5293971.0,1.04
2024-11-06,JPM,23987800,23091550.0,1.04
2025-04-09,JPM,24022400,23091550.0,1.04
2025-01-10,TCS.NS,7894300,7578173.0,1.04
2024-02-02,AMZN,117218300,114176079.0,1.03
2026-01-27,AXISBANK.NS,22715357,22115528.0,1.03
2024-07-03,HDFCBANK.NS,123217802,119804053.0,1.03
2026-03-02,LT.NS,6542141,6325807.0,1.03
2024-10-15,RELIANCE.NS,33762794,32745293.0,1.03
2024-02-09,SBIN.NS,43235061,42034770.0,1.03
2026-02-24,TCS.NS,7798833,7578173.0,1.03
2025-04-09,AMZN,116804300,114176079.0,1.02
2023-10-04,AXISBANK.NS,22584212,22115528.0,1.02
2025-11-14,ITC.NS,64020258,63051976.0,1.02
2025-09-19,JPM,23568600,23091550.0,1.02
2024-05-31,LT.NS,6432341,6325807.0,1.02
2023-07-06,META,47600500,46842268.0,1.02
2023-08-23,NVDA,779046000,766450193.0,1.02
2023-07-10,RELIANCE.NS,33240016,32745293.0,1.02
2026-02-11,TITAN.NS,3342226,3287033.0,1.02
2024-07-11,TSLA,221707300,218354875.0,1.02
2024-01-25,AMD,127171400,125297377.0,1.01
2024-06-27,AXISBANK.NS,22311393,22115528.0,1.01
2024-06-07,INFY.NS,24075302,23943711.0,1.01
2023-07-26,META,47256900,46842268.0,1.01
2026-02-03,MSFT,61424100,61018778.0,1.01
2023-07-14,NVDA,772075000,766450193.0,1.01
2024-01-09,NVDA,773100000,766450193.0,1.01
2024-09-11,ONGC.NS,44826300,44532752.0,1.01
2026-03-30,ONGC.NS,44866906,44532752.0,1.01
2025-07-11,TCS.NS,7635550,7578173.0,1.01
2023-08-03,TITAN.NS,3319847,3287033.0,1.01
2026-05-26,WIPRO.NS,46458415,46059400.0,1.01
2024-01-24,AMD,125516400,125297377.0,1.0
2024-06-03,AXISBANK.NS,22197339,22115528.0,1.0
2024-06-07,BAJFINANCE.NS,29840520,29897673.0,1.0
2024-09-18,BAJFINANCE.NS,29749930,29897673.0,1.0
2025-04-09,TSLA,219433400,218354875.0,1.0
2023-12-22,WIPRO.NS,46080814,46059400.0,1.0
2025-04-07,GOOGL,76794100,77926533.0,0.99
2026-03-27,HCLTECH.NS,8956139,9027594.0,0.99
2025-04-07,JPM,22914400,23091550.0,0.99
2023-08-22,NVDA,755293000,766450193.0,0.99
2025-04-29,RELIANCE.NS,32538970,32745293.0,0.99
2026-03-04,RELIANCE.NS,32495007,32745293.0,0.99
2024-02-07,SBIN.NS,41696232,42034770.0,0.99
2023-07-17,WIPRO.NS,45759860,46059400.0,0.99
2024-01-22,AMD,122973800,125297377.0,0.98
2024-01-30,AMD,122265700,125297377.0,0.98
2024-04-19,AXISBANK.NS,21598007,22115528.0,0.98
2025-01-28,AXISBANK.NS,21781371,22115528.0,0.98
2023-07-21,HINDUNILVR.NS,5198952,5293971.0,0.98
2023-08-31,AXISBANK.NS,21558300,22115528.0,0.97
2024-01-04,BAJFINANCE.NS,29118790,29897673.0,0.97
2025-06-20,GOOGL,75659900,77926533.0,0.97
2026-05-19,ICICIBANK.NS,38929053,40030018.0,0.97
2026-02-27,INFY.NS,23141724,23943711.0,0.97
2026-03-20,JPM,22436500,23091550.0,0.97
2024-02-01,LT.NS,6149780,6325807.0,0.97
2025-05-01,MSFT,58938100,61018778.0,0.97
2023-06-14,NVDA,740465000,766450193.0,0.97
2023-05-29,ONGC.NS,43253971,44532752.0,0.97
2026-02-09,SBIN.NS,40852966,42034770.0,0.97
2023-06-21,TSLA,211797100,218354875.0,0.97
2025-04-02,TSLA,212787800,218354875.0,0.97
2024-12-20,AAPL,147495300,154017443.0,0.96
2024-03-08,AMD,120815200,125297377.0,0.96
2023-12-15,AMZN,110089300,114176079.0,0.96
2025-04-07,AMZN,109327100,114176079.0,0.96
2025-09-19,BAC,98970700,102897738.0,0.96
2025-05-22,GOOGL,74864400,77926533.0,0.96
2025-07-24,GOOGL,74881700,77926533.0,0.96
2025-10-30,GOOGL,74876000,77926533.0,0.96
2026-02-27,HCLTECH.NS,8651443,9027594.0,0.96
2023-09-20,HDFCBANK.NS,115474648,119804053.0,0.96
2024-01-23,HDFCBANK.NS,115469402,119804053.0,0.96
2025-12-22,INFY.NS,23098923,23943711.0,0.96
2025-02-03,LT.NS,6077580,6325807.0,0.96
2023-07-26,MSFT,58383700,61018778.0,0.96
2026-01-30,MSFT,58566800,61018778.0,0.96
2023-08-30,NVDA,735206000,766450193.0,0.96
2024-06-06,SBIN.NS,40555649,42034770.0,0.96
2024-09-06,SBIN.NS,40220096,42034770.0,0.96
2024-11-11,TSLA,210521600,218354875.0,0.96
2023-12-07,AMD,118579100,125297377.0,0.95
2025-10-10,AMD,118656600,125297377.0,0.95
2024-06-05,AXISBANK.NS,21039499,22115528.0,0.95
2023-07-18,BAC,98253800,102897738.0,0.95
2024-05-31,BAJFINANCE.NS,28417330,29897673.0,0.95
2025-11-21,GOOGL,74137700,77926533.0,0.95
2026-03-24,LT.NS,6037848,6325807.0,0.95
2025-01-08,ONGC.NS,42237794,44532752.0,0.95
2024-05-31,RELIANCE.NS,31069832,32745293.0,0.95
2024-06-21,RELIANCE.NS,31170360,32745293.0,0.95
2025-04-28,RELIANCE.NS,31104496,32745293.0,0.95
2026-04-30,RELIANCE.NS,30957881,32745293.0,0.95
2024-05-07,TITAN.NS,3111444,3287033.0,0.95
2025-10-17,WIPRO.NS,43802251,46059400.0,0.95
2025-12-19,AAPL,144632000,154017443.0,0.94
2024-01-24,AXISBANK.NS,20884046,22115528.0,0.94
2024-01-25,AXISBANK.NS,20835434,22115528.0,0.94
2024-10-18,AXISBANK.NS,20829666,22115528.0,0.94
2023-07-21,GOOGL,72937900,77926533.0,0.94
2025-05-21,GOOGL,73416000,77926533.0,0.94
2024-04-25,HINDUNILVR.NS,4951866,5293971.0,0.94
2024-07-25,ONGC.NS,42054664,44532752.0,0.94
2026-04-08,ONGC.NS,42071040,44532752.0,0.94
2024-09-20,RELIANCE.NS,30897320,32745293.0,0.94
2025-04-11,TCS.NS,7108961,7578173.0,0.94
2024-07-02,TSLA,205047900,218354875.0,0.94
2024-10-24,TSLA,204491900,218354875.0,0.94
2024-11-08,TSLA,204782800,218354875.0,0.94
2023-10-17,BAC,95344200,102897738.0,0.93
2024-04-16,BAC,95566100,102897738.0,0.93
2024-04-15,HINDUNILVR.NS,4909564,5293971.0,0.93
2026-03-20,ITC.NS,58679529,63051976.0,0.93
2024-06-07,LT.NS,5879660,6325807.0,0.93
2025-09-26,LT.NS,5870301,6325807.0,0.93
2025-06-16,ONGC.NS,41444122,44532752.0,0.93
2026-04-29,RELIANCE.NS,30542143,32745293.0,0.93
2025-02-28,TCS.NS,7085018,7578173.0,0.93
2026-04-27,WIPRO.NS,42632215,46059400.0,0.93
2025-10-07,AMD,115748100,125297377.0,0.92
2025-03-21,BAJFINANCE.NS,27448010,29897673.0,0.92
2026-04-30,BAJFINANCE.NS,27364272,29897673.0,0.92
2024-01-31,GOOGL,71910000,77926533.0,0.92
2026-04-30,GOOGL,72040000,77926533.0,0.92
2026-04-23,HCLTECH.NS,8304759,9027594.0,0.92
2026-04-17,HINDUNILVR.NS,4882697,5293971.0,0.92
2023-08-31,ICICIBANK.NS,36675400,40030018.0,0.92
2024-04-18,INFY.NS,22107945,23943711.0,0.92
2023-07-26,LT.NS,5820099,6325807.0,0.92
2023-06-16,META,43127700,46842268.0,0.92
2024-08-01,META,43083100,46842268.0,0.92
2023-08-29,NVDA,701397000,766450193.0,0.92
2024-02-20,NVDA,704833000,766450193.0,0.92
2023-07-21,RELIANCE.NS,30249238,32745293.0,0.92
2026-04-16,RELIANCE.NS,30211012,32745293.0,0.92
2023-06-09,TSLA,200242400,218354875.0,0.92
2024-07-31,AMD,114306800,125297377.0,0.91
2025-07-31,AMZN,104357300,114176079.0,0.91
2026-02-05,AMZN,103509200,114176079.0,0.91
2024-10-07,AXISBANK.NS,20047013,22115528.0,0.91
2025-10-06,AXISBANK.NS,20128505,22115528.0,0.91
2026-02-04,GOOGL,70618400,77926533.0,0.91
2024-01-19,HDFCBANK.NS,109600538,119804053.0,0.91
2025-04-07,INFY.NS,21715252,23943711.0,0.91
2024-06-21,JPM,20972100,23091550.0,0.91
2024-06-03,LT.NS,5767666,6325807.0,0.91
2026-03-05,ONGC.NS,40569479,44532752.0,0.91
2024-01-25,TSLA,198076800,218354875.0,0.91
2024-06-27,WIPRO.NS,42137138,46059400.0,0.91
2024-01-16,AMD,112711400,125297377.0,0.9
2023-09-15,AMZN,102909300,114176079.0,0.9
2025-10-30,AMZN,102252900,114176079.0,0.9
2024-09-16,BAJFINANCE.NS,26795550,29897673.0,0.9
2024-12-20,BAJFINANCE.NS,27000190,29897673.0,0.9
2025-02-05,GOOGL,70373900,77926533.0,0.9
2025-04-09,GOOGL,70406200,77926533.0,0.9
2025-03-21,HCLTECH.NS,8109210,9027594.0,0.9
2024-09-20,JPM,20885000,23091550.0,0.9
2023-07-21,META,42139300,46842268.0,0.9
2023-10-25,META,42192500,46842268.0,0.9
2023-10-25,MSFT,55053800,61018778.0,0.9
2024-09-20,MSFT,55167100,61018778.0,0.9
2023-08-14,NVDA,690286000,766450193.0,0.9
2023-08-21,NVDA,692573000,766450193.0,0.9
2023-06-28,ONGC.NS,40243993,44532752.0,0.9
2025-01-17,RELIANCE.NS,29366277,32745293.0,0.9
2024-01-12,TCS.NS,6813450,7578173.0,0.9
2026-03-30,TCS.NS,6804756,7578173.0,0.9
2023-12-15,WIPRO.NS,41567234,46059400.0,0.9
2024-02-29,AAPL,136682600,154017443.0,0.89
2023-12-12,AMD,111677800,125297377.0,0.89
2024-07-29,AXISBANK.NS,19598573,22115528.0,0.89
2024-03-18,GOOGL,69273700,77926533.0,0.89
2024-07-23,ITC.NS,56125835,63051976.0,0.89
2025-03-07,JPM,20498700,23091550.0,0.89
2025-05-09,LT.NS,5637694,6325807.0,0.89
2026-03-23,LT.NS,5645839,6325807.0,0.89
2025-01-30,MSFT,54586300,61018778.0,0.89
2023-08-28,NVDA,685192000,766450193.0,0.89
2024-02-05,NVDA,680078000,766450193.0,0.89
2024-02-06,NVDA,683111000,766450193.0,0.89
2024-03-11,NVDA,678364000,766450193.0,0.89
2024-07-05,ONGC.NS,39781962,44532752.0,0.89
2025-06-20,RELIANCE.NS,29010635,32745293.0,0.89
2026-04-06,RELIANCE.NS,29274881,32745293.0,0.89
2025-02-07,SBIN.NS,37240692,42034770.0,0.89
2024-06-04,TITAN.NS,2934800,3287033.0,0.89
2025-06-20,TITAN.NS,2941214,3287033.0,0.89
2023-06-16,WIPRO.NS,41110648,46059400.0,0.89
2024-05-27,WIPRO.NS,40983758,46059400.0,0.89
2026-02-12,WIPRO.NS,40899346,46059400.0,0.89
2025-02-05,AMD,110385200,125297377.0,0.88
2023-10-26,AMZN,100419500,114176079.0,0.88
2024-09-20,AMZN,100378600,114176079.0,0.88
2026-04-30,AMZN,100974900,114176079.0,0.88
2025-04-10,BAC,90451800,102897738.0,0.88
2024-08-29,BAJFINANCE.NS,26391590,29897673.0,0.88
2024-10-23,BAJFINANCE.NS,26373910,29897673.0,0.88
2024-10-30,GOOGL,68890800,77926533.0,0.88
2025-11-19,GOOGL,68198900,77926533.0,0.88
2026-02-12,HINDUNILVR.NS,4656164,5293971.0,0.88
2023-12-15,JPM,20309300,23091550.0,0.88
2025-04-11,JPM,20284500,23091550.0,0.88
2024-10-31,MSFT,53971000,61018778.0,0.88
2026-02-06,MSFT,53515300,61018778.0,0.88
2023-08-15,NVDA,676512000,766450193.0,0.88
2024-02-21,NVDA,673755000,766450193.0,0.88
2024-03-19,NVDA,672171000,766450193.0,0.88
2024-01-12,ONGC.NS,39228118,44532752.0,0.88
2025-06-13,ONGC.NS,39320377,44532752.0,0.88
2024-06-28,RELIANCE.NS,28957336,32745293.0,0.88
2024-11-25,RELIANCE.NS,28923341,32745293.0,0.88
2026-04-13,RELIANCE.NS,28753269,32745293.0,0.88
2023-11-17,SBIN.NS,37173221,42034770.0,0.88
2024-02-14,SBIN.NS,36782182,42034770.0,0.88
2025-11-24,TCS.NS,6703764,7578173.0,0.88
2023-08-24,AMD,109179100,125297377.0,0.87
2025-10-15,AMD,108481000,125297377.0,0.87
2025-11-12,AMD,108942000,125297377.0,0.87
2024-11-01,AMZN,99687800,114176079.0,0.87
2024-11-19,AXISBANK.NS,19225966,22115528.0,0.87
2024-12-11,GOOGL,67894100,77926533.0,0.87
2024-06-27,LT.NS,5519875,6325807.0,0.87
2024-02-05,META,40832400,46842268.0,0.87
2024-03-12,NVDA,668075000,766450193.0,0.87
2024-03-18,NVDA,668976000,766450193.0,0.87
2024-06-06,NVDA,664696000,766450193.0,0.87
2023-11-30,RELIANCE.NS,28439984,32745293.0,0.87
2024-06-27,RELIANCE.NS,28383030,32745293.0,0.87
2024-12-13,RELIANCE.NS,28630222,32745293.0,0.87
2026-04-07,RELIANCE.NS,28388922,32745293.0,0.87
2023-12-05,SBIN.NS,36430152,42034770.0,0.87
2024-04-25,SBIN.NS,36732974,42034770.0,0.87
2025-04-07,TCS.NS,6623955,7578173.0,0.87
2025-05-09,TITAN.NS,2863992,3287033.0,0.87
2025-01-23,WIPRO.NS,39904371,46059400.0,0.87
2026-05-22,WIPRO.NS,40014399,46059400.0,0.87
2024-01-26,AMD,107381200,125297377.0,0.86
2025-07-29,AMD,108154800,125297377.0,0.86
2025-08-13,AMD,108305100,125297377.0,0.86
2026-02-04,AMD,107173300,125297377.0,0.86
2025-09-19,AMZN,97943200,114176079.0,0.86
2024-01-23,AXISBANK.NS,18924087,22115528.0,0.86
2024-04-30,AXISBANK.NS,18965164,22115528.0,0.86
2025-07-08,BAC,88086500,102897738.0,0.86
2026-03-20,HDFCBANK.NS,103129469,119804053.0,0.86
2026-03-30,HDFCBANK.NS,103500135,119804053.0,0.86
2024-01-24,ICICIBANK.NS,34578943,40030018.0,0.86
2024-06-19,ICICIBANK.NS,34309514,40030018.0,0.86
2024-04-19,INFY.NS,20603621,23943711.0,0.86
2023-09-15,JPM,19863400,23091550.0,0.86
2023-11-20,MSFT,52465100,61018778.0,0.86
2025-09-19,MSFT,52474100,61018778.0,0.86
2023-06-16,NVDA,655709000,766450193.0,0.86
2025-04-04,ONGC.NS,38336194,44532752.0,0.86
2025-04-08,TITAN.NS,2830156,3287033.0,0.86
2026-05-13,TITAN.NS,2841521,3287033.0,0.86
2026-05-27,WIPRO.NS,39465643,46059400.0,0.86
2025-12-18,BAC,87452700,102897738.0,0.85
2024-01-23,BAJFINANCE.NS,25332970,29897673.0,0.85
2026-05-29,HDFCBANK.NS,101299431,119804053.0,0.85
2025-10-23,INFY.NS,20358624,23943711.0,0.85
2026-02-18,INFY.NS,20241373,23943711.0,0.85
2024-09-20,LT.NS,5401701,6325807.0,0.85
2025-07-31,MSFT,51617300,61018778.0,0.85
2024-05-28,NVDA,652728000,766450193.0,0.85
2024-06-21,NVDA,649445800,766450193.0,0.85
2024-07-23,ONGC.NS,37871058,44532752.0,0.85
2024-08-05,ONGC.NS,37986023,44532752.0,0.85
2026-02-19,ONGC.NS,37728943,44532752.0,0.85
2025-01-20,WIPRO.NS,39380165,46059400.0,0.85
2026-04-24,WIPRO.NS,39363394,46059400.0,0.85
2024-02-29,AMD,105538500,125297377.0,0.84
2023-06-07,AMZN,95663300,114176079.0,0.84
2025-04-03,AMZN,95553600,114176079.0,0.84
2025-11-03,AMZN,95997800,114176079.0,0.84
2024-07-26,AXISBANK.NS,18554648,22115528.0,0.84
2026-03-30,AXISBANK.NS,18534887,22115528.0,0.84
2024-04-30,HCLTECH.NS,7606726,9027594.0,0.84
2023-08-31,HDFCBANK.NS,100075772,119804053.0,0.84
2026-04-30,HINDUNILVR.NS,4434979,5293971.0,0.84
2026-04-22,INFY.NS,20088378,23943711.0,0.84
2024-01-12,JPM,19436500,23091550.0,0.84
2025-03-21,JPM,19326900,23091550.0,0.84
2025-04-08,JPM,19485700,23091550.0,0.84
2026-01-13,JPM,19371200,23091550.0,0.84
2024-10-03,LT.NS,5315877,6325807.0,0.84
2023-07-28,META,39220300,46842268.0,0.84
2025-04-09,META,39216600,46842268.0,0.84
2026-02-27,MSFT,51367200,61018778.0,0.84
2024-01-08,NVDA,642510000,766450193.0,0.84
2024-03-15,NVDA,642086000,766450193.0,0.84
2024-07-16,ONGC.NS,37468292,44532752.0,0.84
2026-01-06,RELIANCE.NS,27417125,32745293.0,0.84
2024-05-06,SBIN.NS,35283557,42034770.0,0.84
2026-05-12,TCS.NS,6347884,7578173.0,0.84
2023-12-15,AAPL,128538400,154017443.0,0.83
2024-01-17,AMD,104085000,125297377.0,0.83
2024-03-01,AMD,103820800,125297377.0,0.83
2024-04-30,AMZN,94639800,114176079.0,0.83
2024-05-01,AMZN,94645100,114176079.0,0.83
2024-12-04,AXISBANK.NS,18379798,22115528.0,0.83
2025-01-28,BAJFINANCE.NS,24789330,29897673.0,0.83
2024-04-26,GOOGL,64665300,77926533.0,0.83
2024-03-22,HCLTECH.NS,7468824,9027594.0,0.83
2024-01-25,HDFCBANK.NS,98941852,119804053.0,0.83
2024-01-23,HINDUNILVR.NS,4369332,5293971.0,0.83
2024-11-25,HINDUNILVR.NS,4368045,5293971.0,0.83
2023-12-04,ICICIBANK.NS,33131257,40030018.0,0.83
2025-07-31,META,38831100,46842268.0,0.83
2025-04-07,MSFT,50425000,61018778.0,0.83
2026-03-20,MSFT,50853200,61018778.0,0.83
2026-05-15,MSFT,50771200,61018778.0,0.83
2023-06-01,NVDA,635873000,766450193.0,0.83
2024-03-13,NVDA,635713000,766450193.0,0.83
2024-06-05,ONGC.NS,37078551,44532752.0,0.83
2023-05-31,RELIANCE.NS,27107927,32745293.0,0.83
2026-04-21,RELIANCE.NS,27293629,32745293.0,0.83
2023-07-14,TCS.NS,6306101,7578173.0,0.83
2025-04-04,AAPL,125910900,154017443.0,0.82
2024-04-12,AXISBANK.NS,18045983,22115528.0,0.82
2024-07-30,AXISBANK.NS,18090045,22115528.0,0.82
2025-04-15,BAC,84677800,102897738.0,0.82
2026-01-14,BAC,84750000,102897738.0,0.82
2024-02-06,BAJFINANCE.NS,24395330,29897673.0,0.82
2025-07-25,BAJFINANCE.NS,24415481,29897673.0,0.82
2023-08-11,HCLTECH.NS,7391806,9027594.0,0.82
2023-12-15,HCLTECH.NS,7374290,9027594.0,0.82
2025-08-26,HINDUNILVR.NS,4348648,5293971.0,0.82
2025-11-13,INFY.NS,19655689,23943711.0,0.82
2026-04-27,INFY.NS,19579883,23943711.0,0.82
2025-03-10,JPM,18887200,23091550.0,0.82
2025-04-10,JPM,18896400,23091550.0,0.82
2025-12-10,JPM,18874100,23091550.0,0.82
2025-04-04,META,38589800,46842268.0,0.82
2025-04-09,MSFT,50199700,61018778.0,0.82
2024-02-06,ONGC.NS,36708949,44532752.0,0.82
2024-09-30,RELIANCE.NS,27008814,32745293.0,0.82
2024-06-21,TITAN.NS,2707405,3287033.0,0.82
2025-06-25,TITAN.NS,2697912,3287033.0,0.82
2023-07-27,AXISBANK.NS,17858061,22115528.0,0.81
2024-04-04,AXISBANK.NS,17964844,22115528.0,0.81
2024-04-18,AXISBANK.NS,17832438,22115528.0,0.81
2024-06-19,AXISBANK.NS,17987437,22115528.0,0.81
2023-12-15,BAC,83771800,102897738.0,0.81
2024-12-20,GOOGL,63462900,77926533.0,0.81
2025-06-30,GOOGL,63378900,77926533.0,0.81
2026-01-16,INFY.NS,19335957,23943711.0,0.81
2026-04-16,LT.NS,5092608,6325807.0,0.81
2024-04-24,META,37772700,46842268.0,0.81
2025-04-04,MSFT,49209900,61018778.0,0.81
2024-02-14,ONGC.NS,36168962,44532752.0,0.81
2024-07-11,ONGC.NS,36020507,44532752.0,0.81
2024-08-01,ONGC.NS,36044960,44532752.0,0.81
2023-07-20,SBIN.NS,34038351,42034770.0,0.81
2024-02-15,SBIN.NS,33941282,42034770.0,0.81
2026-02-09,AMZN,91178400,114176079.0,0.8
2024-03-15,AXISBANK.NS,17798175,22115528.0,0.8
2024-06-25,AXISBANK.NS,17607952,22115528.0,0.8
2025-10-16,AXISBANK.NS,17747171,22115528.0,0.8
2026-02-13,HCLTECH.NS,7214938,9027594.0,0.8
2024-03-19,HINDUNILVR.NS,4220638,5293971.0,0.8
2025-08-01,HINDUNILVR.NS,4259653,5293971.0,0.8
2025-11-24,INFY.NS,19270381,23943711.0,0.8
2026-04-10,INFY.NS,19233369,23943711.0,0.8
2024-07-02,LT.NS,5087748,6325807.0,0.8
2026-03-25,LT.NS,5090205,6325807.0,0.8
2026-04-17,MSFT,48568200,61018778.0,0.8
2024-09-27,ONGC.NS,35706130,44532752.0,0.8
2025-06-12,ONGC.NS,35613271,44532752.0,0.8
2026-01-27,RELIANCE.NS,26302396,32745293.0,0.8
2023-06-05,AAPL,121946500,154017443.0,0.79
2024-03-15,AAPL,121752700,154017443.0,0.79
2025-04-10,AAPL,121880000,154017443.0,0.79
2023-10-26,AXISBANK.NS,17540495,22115528.0,0.79
2023-09-25,BAJFINANCE.NS,23475330,29897673.0,0.79
2025-06-09,BAJFINANCE.NS,23496010,29897673.0,0.79
2025-11-11,BAJFINANCE.NS,23762890,29897673.0,0.79
2026-01-13,HCLTECH.NS,7149266,9027594.0,0.79
2024-10-07,HDFCBANK.NS,94458296,119804053.0,0.79
2024-02-08,ITC.NS,50039587,63051976.0,0.79
2026-01-13,LT.NS,4978634,6325807.0,0.79
2026-03-05,LT.NS,4996312,6325807.0,0.79
2026-03-17,LT.NS,5003418,6325807.0,0.79
2023-07-10,META,37058300,46842268.0,0.79
2024-03-15,ONGC.NS,34961065,44532752.0,0.79
2026-02-12,SBIN.NS,33214985,42034770.0,0.79
2024-07-02,WIPRO.NS,36276968,46059400.0,0.79
2026-04-16,WIPRO.NS,36305074,46059400.0,0.79
2024-08-05,AAPL,119548600,154017443.0,0.78
2025-04-08,AAPL,120859500,154017443.0,0.78
2024-07-31,AXISBANK.NS,17347076,22115528.0,0.78
2024-10-03,AXISBANK.NS,17300892,22115528.0,0.78
2025-01-22,AXISBANK.NS,17303146,22115528.0,0.78
2025-04-25,AXISBANK.NS,17243807,22115528.0,0.78
2024-01-31,HCLTECH.NS,7025931,9027594.0,0.78
2023-12-05,ICICIBANK.NS,31378461,40030018.0,0.78
2025-04-07,LT.NS,4953864,6325807.0,0.78
2025-10-30,LT.NS,4959400,6325807.0,0.78
2023-07-12,META,36677100,46842268.0,0.78
2023-09-27,META,36429800,46842268.0,0.78
2025-04-07,META,36606100,46842268.0,0.78
2024-08-12,ONGC.NS,34754596,44532752.0,0.78
2023-08-07,SBIN.NS,32736325,42034770.0,0.78
2024-06-19,SBIN.NS,32925140,42034770.0,0.78
2025-02-06,SBIN.NS,32745391,42034770.0,0.78
2024-01-19,TITAN.NS,2566367,3287033.0,0.78
2024-01-12,WIPRO.NS,36086734,46059400.0,0.78
2024-09-13,WIPRO.NS,35919706,46059400.0,0.78
2023-08-03,AXISBANK.NS,17076611,22115528.0,0.77
2024-03-27,AXISBANK.NS,17027308,22115528.0,0.77
2024-09-02,BAJFINANCE.NS,22963780,29897673.0,0.77
2024-06-06,HINDUNILVR.NS,4102547,5293971.0,0.77
2025-11-24,HINDUNILVR.NS,4092327,5293971.0,0.77
2023-08-03,ICICIBANK.NS,30994707,40030018.0,0.77
2023-09-06,ICICIBANK.NS,30802100,40030018.0,0.77
2026-05-29,ICICIBANK.NS,31007884,40030018.0,0.77
2023-12-15,INFY.NS,18395389,23943711.0,0.77
2026-04-16,INFY.NS,18527029,23943711.0,0.77
2026-01-05,ITC.NS,48358124,63051976.0,0.77
2026-03-19,LT.NS,4898518,6325807.0,0.77
2026-04-13,LT.NS,4897563,6325807.0,0.77
2026-05-29,LT.NS,4882940,6325807.0,0.77
2024-01-16,ONGC.NS,34505065,44532752.0,0.77
2024-04-18,ONGC.NS,34136482,44532752.0,0.77
2023-05-31,TCS.NS,5815424,7578173.0,0.77
2024-03-22,TCS.NS,5852485,7578173.0,0.77
2026-03-25,TCS.NS,5843778,7578173.0,0.77
2026-04-27,TCS.NS,5853425,7578173.0,0.77
2026-05-07,TCS.NS,5829594,7578173.0,0.77
2024-05-31,TITAN.NS,2524214,3287033.0,0.77
2024-10-07,TITAN.NS,2523321,3287033.0,0.77
2025-11-04,TITAN.NS,2524600,3287033.0,0.77
2024-05-08,HCLTECH.NS,6832455,9027594.0,0.76
2024-07-04,HCLTECH.NS,6822557,9027594.0,0.76
2024-02-14,HDFCBANK.NS,91320810,119804053.0,0.76
2024-08-30,HINDUNILVR.NS,4029712,5293971.0,0.76
2025-12-05,HINDUNILVR.NS,4008271,5293971.0,0.76
2026-04-13,ICICIBANK.NS,30572141,40030018.0,0.76
2024-06-04,ITC.NS,47791986,63051976.0,0.76
2026-01-27,ITC.NS,47847784,63051976.0,0.76
2026-03-26,META,35780100,46842268.0,0.76
2024-02-05,ONGC.NS,34001868,44532752.0,0.76
2024-10-11,TCS.NS,5759183,7578173.0,0.76
2024-02-16,WIPRO.NS,34942644,46059400.0,0.76
2023-08-04,AAPL,115956800,154017443.0,0.75
2023-07-26,BAJFINANCE.NS,22288660,29897673.0,0.75
2024-06-04,HDFCBANK.NS,89531240,119804053.0,0.75
2024-06-19,HDFCBANK.NS,90131196,119804053.0,0.75
2023-09-12,HINDUNILVR.NS,3946716,5293971.0,0.75
2024-06-07,HINDUNILVR.NS,3974253,5293971.0,0.75
2023-10-13,INFY.NS,17973439,23943711.0,0.75
2024-11-25,LT.NS,4753829,6325807.0,0.75
2025-02-01,LT.NS,4752505,6325807.0,0.75
2025-02-04,LT.NS,4742516,6325807.0,0.75
2026-03-20,LT.NS,4743217,6325807.0,0.75
2023-08-18,META,35347900,46842268.0,0.75
2024-01-31,ONGC.NS,33293192,44532752.0,0.75
2024-08-28,WIPRO.NS,34375566,46059400.0,0.75
2025-08-08,AAPL,113854000,154017443.0,0.74
2024-09-13,BAJFINANCE.NS,22084380,29897673.0,0.74
2024-10-21,BAJFINANCE.NS,22099660,29897673.0,0.74
2026-04-28,HCLTECH.NS,6643295,9027594.0,0.74
2024-04-04,HDFCBANK.NS,88935066,119804053.0,0.74
2023-12-07,HINDUNILVR.NS,3925967,5293971.0,0.74
2024-07-23,HINDUNILVR.NS,3906259,5293971.0,0.74
2023-07-18,ICICIBANK.NS,29709508,40030018.0,0.74
2024-04-30,ICICIBANK.NS,29568491,40030018.0,0.74
2023-05-31,INFY.NS,17800782,23943711.0,0.74
2024-07-25,LT.NS,4691483,6325807.0,0.74
2025-04-03,META,34777500,46842268.0,0.74
2024-02-15,ONGC.NS,32831246,44532752.0,0.74
2025-03-28,ONGC.NS,32905564,44532752.0,0.74
2026-01-14,ONGC.NS,33094088,44532752.0,0.74
2024-01-23,SBIN.NS,30954343,42034770.0,0.74
2026-04-20,SBIN.NS,31179584,42034770.0,0.74
2024-07-18,TCS.NS,5613364,7578173.0,0.74
2026-01-13,TCS.NS,5645341,7578173.0,0.74
2026-04-09,TCS.NS,5628261,7578173.0,0.74
2026-05-14,TCS.NS,5633313,7578173.0,0.74
2023-09-07,AAPL,112488800,154017443.0,0.73
2024-02-08,BAJFINANCE.NS,21932090,29897673.0,0.73
2025-09-04,BAJFINANCE.NS,21738706,29897673.0,0.73
2023-07-14,HCLTECH.NS,6605038,9027594.0,0.73
2024-05-02,HCLTECH.NS,6555505,9027594.0,0.73
2024-06-27,HCLTECH.NS,6613193,9027594.0,0.73
2023-07-25,ICICIBANK.NS,29325327,40030018.0,0.73
2026-05-15,INFY.NS,17482450,23943711.0,0.73
2023-07-21,LT.NS,4610417,6325807.0,0.73
2024-04-19,ONGC.NS,32658724,44532752.0,0.73
2025-04-08,TCS.NS,5557558,7578173.0,0.73
2025-08-26,TCS.NS,5522097,7578173.0,0.73
2025-10-23,TCS.NS,5564758,7578173.0,0.73
2024-12-05,TITAN.NS,2383630,3287033.0,0.73
2025-01-07,TITAN.NS,2389563,3287033.0,0.73
2023-05-31,BAJFINANCE.NS,21476270,29897673.0,0.72
2023-07-27,BAJFINANCE.NS,21471720,29897673.0,0.72
2023-10-06,BAJFINANCE.NS,21450340,29897673.0,0.72
2025-06-27,BAJFINANCE.NS,21637194,29897673.0,0.72
2026-02-13,BAJFINANCE.NS,21613987,29897673.0,0.72
2024-06-21,HCLTECH.NS,6489262,9027594.0,0.72
2024-11-25,HCLTECH.NS,6531524,9027594.0,0.72
2025-04-07,HCLTECH.NS,6484139,9027594.0,0.72
2025-06-27,HCLTECH.NS,6478283,9027594.0,0.72
2026-04-02,HCLTECH.NS,6509389,9027594.0,0.72
2024-01-24,HDFCBANK.NS,86004404,119804053.0,0.72
2025-04-11,HINDUNILVR.NS,3836083,5293971.0,0.72
2026-04-08,HINDUNILVR.NS,3794437,5293971.0,0.72
2024-06-21,INFY.NS,17301941,23943711.0,0.72
2023-07-25,ITC.NS,45211370,63051976.0,0.72
2024-01-30,ITC.NS,45190319,63051976.0,0.72
2024-03-14,LT.NS,4528490,6325807.0,0.72
2024-05-23,LT.NS,4525637,6325807.0,0.72
2026-04-15,LT.NS,4562142,6325807.0,0.72
2023-07-05,META,33865500,46842268.0,0.72
2023-09-07,META,33748700,46842268.0,0.72
2024-11-25,ONGC.NS,31973671,44532752.0,0.72
2026-02-20,ONGC.NS,31971956,44532752.0,0.72
2024-03-27,SBIN.NS,30088789,42034770.0,0.72
2026-03-24,SBIN.NS,30416734,42034770.0,0.72
2024-09-20,TCS.NS,5447908,7578173.0,0.72
2024-05-30,TITAN.NS,2365535,3287033.0,0.72
2024-06-20,TITAN.NS,2377432,3287033.0,0.72
2024-10-14,WIPRO.NS,33136266,46059400.0,0.72
2024-07-12,HCLTECH.NS,6430647,9027594.0,0.71
2025-11-24,HCLTECH.NS,6392688,9027594.0,0.71
2023-09-15,HINDUNILVR.NS,3750697,5293971.0,0.71
2025-03-27,HINDUNILVR.NS,3752627,5293971.0,0.71
2023-08-24,ICICIBANK.NS,28389740,40030018.0,0.71
2024-01-25,ICICIBANK.NS,28315035,40030018.0,0.71
2024-04-29,ICICIBANK.NS,28578063,40030018.0,0.71
2024-07-29,ICICIBANK.NS,28458261,40030018.0,0.71
2024-07-12,INFY.NS,17078316,23943711.0,0.71
2025-10-17,INFY.NS,16959378,23943711.0,0.71
2026-05-12,INFY.NS,16891948,23943711.0,0.71
2026-05-14,INFY.NS,16914842,23943711.0,0.71
2024-06-21,LT.NS,4508508,6325807.0,0.71
2024-07-12,ONGC.NS,31788101,44532752.0,0.71
2026-04-01,ONGC.NS,31626297,44532752.0,0.71
2023-12-15,SBIN.NS,29813572,42034770.0,0.71
2024-01-17,SBIN.NS,30016308,42034770.0,0.71
2024-03-15,SBIN.NS,29792241,42034770.0,0.71
2026-04-02,TCS.NS,5378361,7578173.0,0.71
2024-02-02,TITAN.NS,2320153,3287033.0,0.71
2024-06-14,TITAN.NS,2346892,3287033.0,0.71
2025-09-19,TITAN.NS,2337255,3287033.0,0.71
2023-11-17,BAJFINANCE.NS,20800340,29897673.0,0.7
2024-03-06,BAJFINANCE.NS,21047920,29897673.0,0.7
2025-03-12,BAJFINANCE.NS,20882230,29897673.0,0.7
2025-03-27,BAJFINANCE.NS,20920440,29897673.0,0.7
2025-11-19,HCLTECH.NS,6342672,9027594.0,0.7
2025-02-28,HINDUNILVR.NS,3683249,5293971.0,0.7
2023-07-18,INFY.NS,16743977,23943711.0,0.7
2026-02-25,INFY.NS,16669618,23943711.0,0.7
2025-11-03,META,33003600,46842268.0,0.7
2026-03-31,META,32898300,46842268.0,0.7
2024-01-04,ONGC.NS,31054419,44532752.0,0.7
2024-11-21,SBIN.NS,29486577,42034770.0,0.7
2026-02-11,SBIN.NS,29491859,42034770.0,0.7
2025-04-04,TCS.NS,5317367,7578173.0,0.7
2024-12-30,HCLTECH.NS,6262203,9027594.0,0.69
2025-07-29,HCLTECH.NS,6223556,9027594.0,0.69
2024-07-05,HDFCBANK.NS,82242548,119804053.0,0.69
2024-06-21,HINDUNILVR.NS,3646215,5293971.0,0.69
2024-09-20,HINDUNILVR.NS,3641632,5293971.0,0.69
2025-01-17,INFY.NS,16409953,23943711.0,0.69
2024-07-24,ITC.NS,43693692,63051976.0,0.69
2024-02-12,ONGC.NS,30906374,44532752.0,0.69
2024-06-06,ONGC.NS,30881233,44532752.0,0.69
2026-03-06,ONGC.NS,30725344,44532752.0,0.69
2024-06-18,WIPRO.NS,31870984,46059400.0,0.69
2025-04-23,WIPRO.NS,31898042,46059400.0,0.69
2023-07-18,HDFCBANK.NS,81076818,119804053.0,0.68
2024-06-05,HDFCBANK.NS,81631650,119804053.0,0.68
2023-10-20,HINDUNILVR.NS,3608160,5293971.0,0.68
2024-07-24,HINDUNILVR.NS,3611927,5293971.0,0.68
2024-04-16,INFY.NS,16173541,23943711.0,0.68
2024-02-02,ONGC.NS,30482663,44532752.0,0.68
2024-09-09,ONGC.NS,30369085,44532752.0,0.68
2023-07-14,WIPRO.NS,31366784,46059400.0,0.68
2026-04-27,HCLTECH.NS,6066942,9027594.0,0.67
2025-08-26,INFY.NS,15994798,23943711.0,0.67
2026-04-08,INFY.NS,16030133,23943711.0,0.67
2026-01-30,ITC.NS,41975824,63051976.0,0.67
2024-07-29,TITAN.NS,2213293,3287033.0,0.67
2024-11-22,TITAN.NS,2207527,3287033.0,0.67
2025-02-01,TITAN.NS,2186692,3287033.0,0.67
2024-07-01,WIPRO.NS,30757528,46059400.0,0.67
2025-01-22,WIPRO.NS,30859317,46059400.0,0.67
2026-04-01,HDFCBANK.NS,78862761,119804053.0,0.66
2024-09-27,TITAN.NS,2164755,3287033.0,0.66
2025-02-05,TITAN.NS,2165947,3287033.0,0.66
2025-08-08,TITAN.NS,2184271,3287033.0,0.66
2025-07-18,WIPRO.NS,30319126,46059400.0,0.66
2025-01-06,TITAN.NS,2145936,3287033.0,0.65
2026-04-17,TITAN.NS,2124034,3287033.0,0.65
2023-07-24,ITC.NS,40477929,63051976.0,0.64
2024-03-22,ITC.NS,40358503,63051976.0,0.64
2024-08-30,TITAN.NS,2116894,3287033.0,0.64
2024-02-06,WIPRO.NS,29024038,46059400.0,0.63
2026-03-11,WIPRO.NS,29199002,46059400.0,0.63
2024-05-31,HDFCBANK.NS,74079588,119804053.0,0.62
2024-06-25,HDFCBANK.NS,74521548,119804053.0,0.62
2024-02-16,ITC.NS,38963810,63051976.0,0.62
2026-02-17,ITC.NS,39360672,63051976.0,0.62
2023-06-15,WIPRO.NS,28702320,46059400.0,0.62
2024-01-17,WIPRO.NS,28668932,46059400.0,0.62
2024-03-22,WIPRO.NS,28646502,46059400.0,0.62
2023-09-21,HDFCBANK.NS,72841442,119804053.0,0.61
2024-06-03,HDFCBANK.NS,72637256,119804053.0,0.61
2024-06-27,ITC.NS,38438054,63051976.0,0.61
2025-01-03,ITC.NS,38500784,63051976.0,0.61
2026-03-30,WIPRO.NS,27946986,46059400.0,0.61
2026-04-15,WIPRO.NS,27890080,46059400.0,0.61
2026-04-20,WIPRO.NS,27927164,46059400.0,0.61
2026-03-23,HDFCBANK.NS,72341738,119804053.0,0.6
2026-05-26,ITC.NS,37560542,63051976.0,0.6
2023-07-12,HDFCBANK.NS,70958358,119804053.0,0.59
2026-04-08,HDFCBANK.NS,70269512,119804053.0,0.59
2026-03-16,ITC.NS,37472204,63051976.0,0.59
2023-11-30,HDFCBANK.NS,69491440,119804053.0,0.58
2024-02-08,HDFCBANK.NS,69106124,119804053.0,0.58
2026-01-08,ITC.NS,36706319,63051976.0,0.58
2024-03-12,ITC.NS,36226074,63051976.0,0.57
2026-01-09,ITC.NS,35193201,63051976.0,0.56
2026-02-02,ITC.NS,35227572,63051976.0,0.56
2026-02-18,ITC.NS,35473203,63051976.0,0.56
2026-04-17,ITC.NS,35111203,63051976.0,0.56
2024-02-09,ITC.NS,33527317,63051976.0,0.53
2026-02-03,ITC.NS,33168353,63051976.0,0.53
2026-03-24,ITC.NS,33335721,63051976.0,0.53
2024-12-13,ITC.NS,32976794,63051976.0,0.52
2024-06-06,ITC.NS,32318523,63051976.0,0.51
2024-10-25,ITC.NS,32154050,63051976.0,0.51
2025-04-22,ITC.NS,32031936,63051976.0,0.51
