Date,Stock,Close,Daily_Return,Z_Score
2024-06-04,SBIN.NS,775.2000122070312,-14.404020172298859,-9.426768346023433
2025-04-09,AAPL,198.8500061035156,15.328852926139636,9.38841057858049
2024-06-04,ONGC.NS,236.3000030517578,-16.825062310748862,-9.164924091186856
2024-02-02,META,474.989990234375,20.317643169131227,8.905992929803263
2026-01-01,ITC.NS,363.8500061035156,-9.714638683991161,-8.135136733173006
2024-06-04,LT.NS,3403.199951171875,-12.674645922006055,-8.00616540900342
2024-11-06,JPM,247.0599975585937,11.544535388175238,7.961908443708998
2025-04-03,BAC,37.220001220703125,-11.06331522635784,-7.134062503939166
2026-04-22,HCLTECH.NS,1285.300048828125,-10.817368000670823,-6.970626365243966
2024-01-17,HDFCBANK.NS,768.75,-8.43581707140737,-6.786131993925011
2025-04-09,AMD,96.83999633789062,23.82048008119291,6.745509395988674
2025-04-09,MSFT,390.489990234375,10.133684827162037,6.741276266369639
2026-01-29,MSFT,433.5,-9.993149179840488,-6.716872160718408
2025-10-06,AMD,203.7100067138672,23.708027557556832,6.7133295632600625
2024-06-04,ICICIBANK.NS,1071.449951171875,-7.633624898976288,-6.522220398796613
2025-04-09,META,585.77001953125,14.755608879027694,6.450749874842196
2025-04-09,NVDA,114.33000183105467,18.722739572091605,6.253677284318365
2025-04-09,TSLA,272.20001220703125,22.689989839624513,6.189069512420955
2024-01-23,HINDUNILVR.NS,2375.550048828125,-7.400399966577453,-6.093045832221764
2025-04-09,AMZN,191.1000061035156,11.977031526306249,6.083451131532061
2024-10-24,TSLA,260.4800109863281,21.919035070290406,5.977208223024492
2024-06-03,SBIN.NS,905.6500244140624,9.068471252135502,5.853126610226373
2025-01-27,NVDA,118.41999816894533,-16.96816559862985,-5.838417110694962
2025-04-03,AAPL,203.19000244140625,-9.245610346452683,-5.749801382460491
2024-06-04,RELIANCE.NS,1397.2750244140625,-7.485139318535127,-5.700582014940086
2025-01-14,HCLTECH.NS,1813.550048828125,-8.839347211616255,-5.698224884992377
2025-04-04,JPM,210.27999877929688,-8.050200474691183,-5.686540732767652
2024-07-22,WIPRO.NS,252.8999938964844,-9.224699082555732,-5.658461660844222
2025-04-09,JPM,234.33999633789065,8.05551787432055,5.531680317800667
2024-02-22,NVDA,78.53800201416016,16.40088017558281,5.4670302979156515
2024-04-26,GOOGL,171.9499969482422,10.224357018103959,5.393228610339059
2024-11-06,BAC,45.40999984741211,8.428841187361847,5.331203074518134
2024-01-29,RELIANCE.NS,1448.050048828125,7.01920448486566,5.307754966449377
2026-05-06,AMD,421.3900146484375,18.614536695655758,5.2557572594927
2026-04-30,GOOGL,384.7999877929688,9.961703465838978,5.252384192346588
2026-02-04,TCS.NS,2999.10009765625,-7.013299468186284,-5.221849577541896
2024-06-04,AXISBANK.NS,1131.25,-7.570064757406825,-5.195530659177995
2024-05-06,TITAN.NS,3280.14990234375,-7.180452390055192,-5.194195434243353
2023-07-21,INFY.NS,1331.5999755859375,-8.133840939224735,-5.190628324014473
2023-10-25,GOOGL,125.61000061035156,-9.509399308699129,-5.188731544724156
2025-04-09,GOOGL,158.7100067138672,9.682107851485465,5.102454822508331
2024-01-12,INFY.NS,1612.75,7.934015038291786,5.068753662316566
2025-10-30,META,666.469970703125,-11.334763146610161,-5.066296115197084
2025-05-01,MSFT,425.3999938964844,7.6253563189282225,5.064039928256942
2025-05-12,INFY.NS,1626.9000244140625,7.913242953042521,5.0554906135611475
2026-02-04,AMD,200.19000244140625,-17.31444304789821,-5.025813316895224
2024-07-12,TCS.NS,4183.9501953125,6.632776394201523,5.00121694411283
2025-04-23,HCLTECH.NS,1594.0,7.709978627178771,4.947460342872916
2024-06-04,HINDUNILVR.NS,2496.300048828125,5.9595123861034605,4.93746149302587
2025-04-03,JPM,228.69000244140625,-6.968515325206736,-4.933107520347286
2026-01-19,WIPRO.NS,245.9499969482422,-8.03889111141488,-4.932361416259136
2025-04-04,BAC,34.38999938964844,-7.603443681459465,-4.921469050495015
2025-07-31,META,773.4400024414062,11.252711841922626,4.904469651813253
2026-05-11,TITAN.NS,4205.60009765625,-6.728762527029275,-4.870149614719301
2025-10-31,AMZN,244.22000122070312,9.584492754129247,4.855373051520811
2025-09-03,GOOGL,230.66000366210932,9.136502011329984,4.809881063854323
2026-02-09,SBIN.NS,1146.0,7.46436363124372,4.808900179271915
2026-03-13,LT.NS,3439.0,-7.5413362011023,-4.7876032423431765
2024-10-24,HINDUNILVR.NS,2505.10009765625,-5.7985164645045,-4.770463225587873
2024-04-25,META,441.3800048828125,-10.56129586974417,-4.724865253624758
2026-04-08,LT.NS,4005.89990234375,7.590037058779897,4.699699911322197
2025-04-03,AMZN,178.41000366210938,-8.979129298487276,-4.673240483836022
2024-07-23,ITC.NS,473.9468688964844,5.497799668255365,4.6674335689619015
2024-04-26,BAJFINANCE.NS,673.1199951171875,-7.72731577839425,-4.645257205866186
2024-07-23,TITAN.NS,3466.85009765625,6.526453000387766,4.639245061032667
2026-02-04,INFY.NS,1535.800048828125,-7.2584511577219235,-4.631688900613174
2026-04-08,HDFCBANK.NS,816.0999755859375,5.712432070717299,4.601926534280463
2024-04-12,JPM,182.7899932861328,-6.467788908234895,-4.584333283165009
2024-08-02,AMZN,167.89999389648438,-8.78470841762542,-4.573445226655855
2024-06-04,HDFCBANK.NS,741.5750122070312,-5.664033171571914,-4.555097117328005
2025-04-04,AAPL,188.3800048828125,-7.288743235713335,-4.544343962155369
2026-01-29,META,738.3099975585938,10.404800012266712,4.530176808152402
2024-05-07,HINDUNILVR.NS,2379.39990234375,5.4605067741396285,4.525461405540102
2026-04-08,AXISBANK.NS,1333.0,6.631471564920743,4.481562871114823
2026-03-23,TITAN.NS,3853.10009765625,-6.1729896744676775,-4.47143384928002
2026-01-28,ONGC.NS,268.5799865722656,8.32022176968601,4.462344866611989
2025-07-08,TITAN.NS,3441.300048828125,-6.131857910040162,-4.441925601689305
2026-04-24,INFY.NS,1154.5999755859375,-6.932129751121597,-4.423331546320591
2025-11-11,BAJFINANCE.NS,1005.2000122070312,-7.354837584605411,-4.4227940443675555
2024-06-11,AAPL,207.1499938964844,7.264912559045644,4.420910895508628
2026-04-08,TITAN.NS,4492.5,6.190608809583353,4.398307827434924
2026-05-08,SBIN.NS,1019.2999877929688,-6.657510275369161,-4.38402041772218
2025-08-01,AMZN,214.75,-8.269617085933046,-4.3090514450329875
2026-04-08,ICICIBANK.NS,1309.199951171875,5.114407962414691,4.306074332455799
2025-03-10,TSLA,222.1499938964844,-15.426206822195109,-4.285405635631013
2026-03-19,HDFCBANK.NS,798.2000122070312,-5.319966340709026,-4.2781544957979225
2026-02-06,ITC.NS,325.79998779296875,5.029005471323411,4.272903085124779
2023-07-04,BAJFINANCE.NS,786.0449829101562,7.192826400547947,4.265820152445488
2024-07-31,NVDA,117.0199966430664,12.812101471164627,4.251150491868103
2025-01-10,TCS.NS,4265.64990234375,5.615454874621673,4.239082417421444
2024-01-29,ONGC.NS,252.5,7.882929590973831,4.225358157160201
2024-06-03,RELIANCE.NS,1510.324951171875,5.587592658952323,4.221206990214756
2023-08-04,AMZN,139.57000732421875,8.269337801006271,4.180310649803101
2025-01-30,MSFT,414.989990234375,-6.18090501839037,-4.1677505379512505
2024-04-29,TSLA,194.0500030517578,15.306917103399531,4.160173172684293
2026-04-08,BAJFINANCE.NS,915.0499877929688,7.010877548669314,4.157150926984968
2025-12-05,HINDUNILVR.NS,2338.60009765625,-5.019895051853851,-4.127600535391093
2025-05-12,HCLTECH.NS,1670.300048828125,6.429210070372826,4.123580322724848
2025-03-04,BAC,42.66999816894531,-6.343290424130521,-4.115599002627605
2024-01-31,GOOGL,140.10000610351562,-7.500330190670379,-4.111395380049198
2024-10-31,MSFT,406.3500061035156,-6.052757669911324,-4.082062643085683
2026-02-12,TCS.NS,2750.10009765625,-5.488347944601612,-4.079419986418626
2025-05-12,AMZN,208.63999938964844,8.070031092964358,4.078007522183245
2024-04-25,AXISBANK.NS,1127.0,5.995767693392895,4.04838679194144
2023-12-22,WIPRO.NS,231.3249969482422,6.601381082139257,4.032247929640778
2024-08-07,ONGC.NS,329.1000061035156,7.513884201695165,4.02535720424796
2025-04-03,META,531.6199951171875,-8.958265239791874,-4.017241097462467
2024-11-06,TSLA,288.5299987792969,14.751032444224466,4.007413963800659
2024-06-03,ONGC.NS,284.1000061035156,7.4711554923385215,4.002200750228193
2025-02-05,GOOGL,191.3300018310547,-7.292374598161078,-3.999882003806324
2023-12-15,TCS.NS,3861.0,5.283250391983096,3.9902087808497213
2025-05-07,GOOGL,151.3800048828125,-7.259689490224808,-3.9823550563707886
2026-02-03,BAJFINANCE.NS,964.4000244140624,6.716832066737344,3.9815318206163983
2024-02-02,AMZN,171.80999755859375,7.866649218561839,3.973612632232071
2025-04-28,RELIANCE.NS,1368.800048828125,5.2599218032837625,3.972515201942749
2024-04-29,ICICIBANK.NS,1160.1500244140625,4.716129510659917,3.967773003333164
2025-06-05,TSLA,284.70001220703125,-14.259893789082124,-3.9648983985480384
2025-01-20,WIPRO.NS,300.25,6.490507891707908,3.9643574679054954
2023-12-04,ICICIBANK.NS,991.2000122070312,4.700538652815434,3.95452998727816
2025-05-12,TCS.NS,3620.39990234375,5.235004242637875,3.95406479343944
2026-04-17,HINDUNILVR.NS,2240.800048828125,4.754333435976399,3.942414902398861
2023-07-14,TCS.NS,3514.64990234375,5.2117121722723425,3.9366153532358856
2026-02-24,HCLTECH.NS,1339.199951171875,-6.100126418354879,-3.9361662598413165
2026-04-24,AMD,347.8099975585937,13.91281985212871,3.910296467064045
2025-04-04,ONGC.NS,226.009994506836,-7.110272173502253,-3.900077703078697
2025-01-02,BAJFINANCE.NS,738.9199829101562,6.544771198919697,3.878768208509185
2024-10-31,LT.NS,3622.300048828125,6.27722930572765,3.876575339495601
2024-10-18,AXISBANK.NS,1196.8499755859375,5.7428105669526275,3.8760188370837656
2024-05-09,LT.NS,3275.449951171875,-6.062782757035401,-3.8605568657958638
2025-05-12,WIPRO.NS,257.2799987792969,6.309658534383189,3.8536188274322
2026-04-30,META,611.9099731445312,-8.55003921421249,-3.8370383044049854
2024-06-03,LT.NS,3897.14990234375,6.209627190024802,3.8341891162172077
2025-07-11,HINDUNILVR.NS,2519.60009765625,4.617181523894143,3.829176497014303
2024-01-15,WIPRO.NS,247.3000030517578,6.262754996667308,3.8248986037229247
2025-04-09,BAC,37.150001525878906,6.051963518294423,3.8111859577061726
2025-01-06,ITC.NS,442.6499938964844,-4.547806266876342,-3.786804550798478
2024-03-13,ITC.NS,406.7835388183594,4.450484122871434,3.786027801666454
2024-04-29,HCLTECH.NS,1387.4000244140625,-5.865586905309428,-3.7852940216788658
2026-04-24,HCLTECH.NS,1203.199951171875,-5.823420932670331,-3.7581699154515094
2025-05-12,AAPL,210.7899932861328,6.175386381009962,3.749747581085315
2025-04-07,LT.NS,3068.5,-5.878561050397446,-3.74505068216389
2026-03-23,HDFCBANK.NS,744.1500244140625,-4.65116115384715,-3.7398269235703765
2025-01-17,INFY.NS,1815.449951171875,-5.8596283471776145,-3.7385356656919475
2023-12-14,BAC,33.939998626708984,5.930080077684563,3.7332413001438796
2024-06-05,HDFCBANK.NS,775.9000244140625,4.628663539360001,3.7295910712741356
2026-02-12,INFY.NS,1386.0,-5.835995854966969,-3.7234462371323893
2024-09-10,JPM,205.5599975585937,-5.188875110318492,-3.6935231138360245
2024-07-05,HDFCBANK.NS,824.0499877929688,-4.576906910848278,-3.680058986439481
2026-04-24,TCS.NS,2396.89990234375,-4.952817196685199,-3.6782228572548563
2024-05-03,AAPL,183.3800048828125,5.981625253732603,3.6303880255174725
2025-05-12,ICICIBANK.NS,1448.5,4.291163837446188,3.6068033062624862
2026-05-29,MSFT,450.239990234375,5.445092515456418,3.6061696110911967
2026-01-16,INFY.NS,1689.800048828125,5.625703041197316,3.5948884151447937
2025-07-18,AXISBANK.NS,1099.300048828125,-5.216416403942203,-3.5917270468823452
2024-06-03,AXISBANK.NS,1223.9000244140625,5.313427587039232,3.5834322349986785
2026-03-26,META,547.5399780273438,-7.9594606490539626,-3.576339818044637
2026-02-13,HINDUNILVR.NS,2305.199951171875,-4.336639503568895,-3.5634759265300984
2024-06-05,HINDUNILVR.NS,2602.75,4.264309141116573,3.5378301692575573
2024-06-04,BAJFINANCE.NS,650.9550170898438,-5.8708238702531945,-3.536464621310703
2024-07-25,AXISBANK.NS,1175.9000244140625,-5.111960910707081,-3.520549847821147
2025-02-28,WIPRO.NS,277.6499938964844,-5.721564041940786,-3.5134033784665912
2026-03-27,RELIANCE.NS,1348.0999755859375,-4.5998160868305105,-3.5107131821709117
2025-12-16,AXISBANK.NS,1219.5999755859375,-5.074725308553418,-3.4951770714876984
2024-04-19,NVDA,76.19999694824219,-10.004607137666376,-3.4791604364137045
2023-12-15,HCLTECH.NS,1491.300048828125,5.4220326994151025,3.4756933112364377
2023-11-14,BAC,29.21999931335449,5.487359236641898,3.45012060566646
2023-10-27,AMZN,127.73999786376952,6.83281608245998,3.4429512997593985
2024-07-24,TSLA,215.9900054931641,-12.334604589403686,-3.4358216374596213
2025-05-12,META,639.4299926757812,7.922497124860772,3.4344164070600542
2026-01-06,RELIANCE.NS,1507.5999755859375,-4.467397572439847,-3.4102117290375675
2024-01-25,TSLA,182.6300048828125,-12.125293136804816,-3.378302057846222
2024-07-16,BAC,44.130001068115234,5.347342351645712,3.360579581066571
2026-02-05,MSFT,393.6700134277344,-4.954245368724175,-3.3475237884791866
2025-04-24,HINDUNILVR.NS,2325.300048828125,-4.063866573796937,-3.3382630867635963
2025-12-09,JPM,300.510009765625,-4.6635519456711405,-3.3276163435639807
2024-02-08,ITC.NS,399.176513671875,-3.9949056486615175,-3.32149130706436
2024-09-03,NVDA,108.0,-9.525008364723032,-3.316672160859379
2026-05-08,TITAN.NS,4509.0,4.677887405687753,3.3130697312042856
2024-08-05,ONGC.NS,310.25,-6.013331031957292,-3.3055999505549503
2026-04-29,ITC.NS,316.25,3.875837516782421,3.3024134459013657
2025-11-24,GOOGL,318.5799865722656,6.313816551737772,3.296254130946916
2024-10-29,SBIN.NS,832.7000122070312,5.132254913270429,3.290766650417297
2025-02-28,TITAN.NS,3077.25,-4.525149490774682,-3.2892604899039593
2024-04-25,SBIN.NS,812.7000122070312,5.122240055832439,3.2842472755930716
2026-03-19,BAJFINANCE.NS,832.2000122070312,-5.442559335036479,-3.280682983483971
2023-12-15,INFY.NS,1578.4000244140625,5.125050833837541,3.2752202375863813
2024-04-24,TSLA,162.1300048828125,12.061109407252758,3.26821292937123
2024-11-22,ITC.NS,457.0477294921875,3.8280642629284323,3.2622081594860486
2025-05-12,RELIANCE.NS,1436.5,4.3058416301616775,3.2483986065730406
2023-07-24,ITC.NS,453.8700866699219,-3.8943852546359348,-3.2368947827260524
2025-03-24,TSLA,278.3900146484375,11.933580126800525,3.2331674002855877
2023-09-20,HDFCBANK.NS,781.8499755859375,-4.011546342806371,-3.2249949588184728
2026-03-24,LT.NS,3516.800048828125,5.21781209848895,3.2123255031683637
2024-05-20,JPM,195.5800018310547,-4.497285881644575,-3.211805957523521
2024-11-06,TCS.NS,4139.64990234375,4.237848604353078,3.207037697486831
2026-05-08,AMD,455.1900024414063,11.440535661732621,3.2028184209331667
2024-11-22,TCS.NS,4244.60009765625,4.21694871851126,3.1913803813902084
2025-02-20,JPM,266.79998779296875,-4.458375006994187,-3.1847031122085965
2025-09-09,INFY.NS,1504.300048828125,4.982903426445207,3.184458623040843
2025-10-08,AMD,235.5599975585937,11.37062251258316,3.1828118139454835
2024-06-05,AXISBANK.NS,1184.5,4.707182320441983,3.1703295949740706
2024-08-02,BAC,37.58000183105469,-4.8607548580894,-3.167515108369314
2026-03-02,LT.NS,4066.699951171875,-4.94588652445036,-3.1602679384309504
2026-01-02,ITC.NS,350.04998779296875,-3.792776715419588,-3.1513824909755055
2025-02-03,BAJFINANCE.NS,842.5800170898438,5.321184335767293,3.147979114049093
2026-02-12,HCLTECH.NS,1476.0999755859375,-4.865944907706554,-3.1422542899885317
2024-01-30,BAJFINANCE.NS,681.719970703125,-5.2067339857023835,-3.13983593888054
2026-02-12,AAPL,261.7300109863281,-4.998181130189428,-3.133325773122449
2024-03-19,TCS.NS,3977.300048828125,-4.219143917444312,-3.128585671116004
2025-10-17,WIPRO.NS,240.8999938964844,-5.086483505886696,-3.1245274864311785
2025-04-08,AAPL,172.4199981689453,-4.981818698583263,-3.1232462871493647
2025-01-17,AXISBANK.NS,991.0499877929688,-4.52312256329781,-3.119308486832348
2024-06-07,WIPRO.NS,242.2749938964844,5.1084572219021185,3.11809285019551
2025-04-17,ICICIBANK.NS,1406.699951171875,3.7083401542653993,3.1117475838263386
2024-11-01,AMZN,197.92999267578125,6.185621865256041,3.110749773539201
2024-10-30,AMD,148.60000610351562,-10.616537682095862,-3.1091157868235753
2024-10-11,BAC,41.95000076293945,4.953713989907893,3.1088536065704204
2024-06-26,RELIANCE.NS,1514.0250244140625,4.117525633170227,3.1054727367806993
2024-06-05,ITC.NS,414.3424377441406,3.6368063599533595,3.1012482468159233
2024-02-06,TCS.NS,4136.0,4.094831731116333,3.099895466741349
2026-01-27,AXISBANK.NS,1315.800048828125,4.594598476003586,3.093613642002319
2024-11-07,JPM,236.3800048828125,-4.322833636088042,-3.090293597067938
2026-03-11,AXISBANK.NS,1255.800048828125,-4.480102269057573,-3.0899939534174696
2025-08-06,AAPL,213.25,5.090677076812433,3.0815515280968793
2026-02-27,BAC,49.83000183105469,-4.722748455138759,-3.07925979029191
2025-04-07,ICICIBANK.NS,1287.550048828125,-3.575975305468304,-3.0756160330578792
2026-03-19,LT.NS,3434.5,-4.806117326899972,-3.0726332785801636
2026-02-02,ONGC.NS,253.9499969482422,-5.580753637606694,-3.0711683776594945
2024-05-23,NVDA,103.79900360107422,9.319649223006987,3.0679061316370153
2024-03-13,ONGC.NS,255.3500061035156,-5.5658240135649795,-3.0630773971955447
2025-10-08,TITAN.NS,3565.60009765625,4.31221545228333,3.050733828813007
2026-04-15,MSFT,411.2200012207031,4.606857252161789,3.0456694059266174
2026-05-19,INFY.NS,1196.9000244140625,4.761490101887311,3.0430854443988697
2025-04-30,BAJFINANCE.NS,863.4500122070312,-5.04233764450206,-3.0416499768240213
2025-03-10,AAPL,227.47999572753903,-4.8479571847595775,-3.0407857285112923
2025-04-10,META,546.2899780273438,-6.739853558142039,-3.0379699189106577
2025-05-12,AXISBANK.NS,1203.0,4.50873299581509,3.0351038960179215
2025-03-03,NVDA,114.05999755859376,-8.693564496906403,-3.0349786121611175
2024-08-02,JPM,199.13999938964844,-4.24120361582514,-3.0334353066255377
2024-08-05,AAPL,209.2700042724609,-4.816699858315232,-3.0215307796726867
2026-03-30,BAJFINANCE.NS,801.5499877929688,-5.0071107621734505,-3.0206106683672007
2026-02-23,JPM,297.6700134277344,-4.221498361100339,-3.0197098770253032
2024-10-03,RELIANCE.NS,1406.9749755859375,-3.949275682371256,-3.01697364528695
2024-09-20,ICICIBANK.NS,1338.449951171875,3.595197459123445,3.0156431524206257
2023-10-04,AXISBANK.NS,995.5499877929688,-4.3705930455864355,-3.0153730832589476
2023-07-21,HINDUNILVR.NS,2604.0,-3.6715065199297126,-3.0143140716752974
2024-10-11,JPM,222.2899932861328,4.4399535382625865,3.0133077084262863
2023-08-04,AAPL,181.9900054931641,-4.802004898105638,-3.0124784793256025
2023-07-26,GOOGL,129.27000427246094,5.7769456189164625,3.008364348310329
2025-08-18,BAJFINANCE.NS,905.2000122070312,5.078646396198039,3.0031229648310585
2026-01-13,JPM,310.8999938964844,-4.188109570983912,-2.996453365268403
2024-05-09,ITC.NS,409.3352661132813,-3.605444797290469,-2.9937266309386006
2025-04-04,LT.NS,3260.14990234375,-4.6781575243341145,-2.9924030564069968
2024-07-17,AMD,159.42999267578125,-10.205581562673572,-2.9915150540502817
2024-02-22,AMD,181.8600006103516,10.694508516789746,2.9893325163130253
2024-01-12,TCS.NS,3882.800048828125,3.941855900075386,2.9852924033619725
2025-07-30,LT.NS,3665.10009765625,4.848952833982567,2.9810523990484445
2026-02-02,SBIN.NS,1028.699951171875,-4.497987480299493,-2.97823520014012
2024-07-12,WIPRO.NS,280.07501220703125,4.877373154632081,2.976594224913828
2025-03-10,JPM,232.22000122070312,-4.152219584480776,-2.9714546788783114
2024-06-05,BAJFINANCE.NS,683.6649780273438,5.024918785284571,2.9710340683993004
2026-05-11,SBIN.NS,973.5999755859376,-4.483470298668668,-2.968784945952408
2026-02-02,AXISBANK.NS,1311.5,-4.298016883008026,-2.965918834267815
2024-06-11,ONGC.NS,273.54998779296875,5.5566252115121895,2.9646376437142905
2026-03-11,BAJFINANCE.NS,893.6500244140625,-4.910615447791722,-2.9629786967105374
2025-02-27,NVDA,120.1500015258789,-8.47806014389847,-2.9619656424243366
2025-05-09,TITAN.NS,3510.300048828125,4.184845456225883,2.9593576033677116
2026-04-21,HINDUNILVR.NS,2310.699951171875,3.5491799763331944,2.9473893577908292
2025-04-03,TCS.NS,3403.14990234375,-3.9729694484417544,-2.944162105108815
2025-02-03,LT.NS,3289.199951171875,-4.591734556290794,-2.93821624314264
2025-01-02,TITAN.NS,3388.949951171875,4.151999921967442,2.935793961723907
2025-01-28,NVDA,128.99000549316406,8.925863441695814,2.9344913354514883
2025-04-16,AXISBANK.NS,1161.300048828125,4.358375078350751,2.9326482463404377
2024-09-06,SBIN.NS,782.5,-4.427480916030535,-2.93233752032952
2025-08-18,HINDUNILVR.NS,2568.10009765625,3.527372271035256,2.9293839961772496
2023-10-25,AMZN,121.38999938964844,-5.577161096069128,-2.9270273704395384
2024-06-04,ITC.NS,399.8023986816406,-3.52039031575071,-2.922145997103947
2026-02-06,AMZN,210.32000732421875,-5.554804877440455,-2.9155520362175436
2025-01-27,HCLTECH.NS,1711.949951171875,-4.512369998366584,-2.914810149606654
2025-03-19,ICICIBANK.NS,1313.0999755859375,3.4751753810825514,2.9136953107877197
2024-06-03,ICICIBANK.NS,1160.0,3.4744167945571114,2.9130509605129804
2024-06-05,ICICIBANK.NS,1108.6500244140625,3.4719375554127074,2.9109450722981665
2025-04-04,TSLA,239.42999267578125,-10.419786826814681,-2.9096224669275443
2024-01-12,ONGC.NS,223.3999938964844,5.451964814825239,2.9079178480531738
2024-12-10,GOOGL,185.1699981689453,5.588186876101098,2.9071450232962146
2023-07-10,RELIANCE.NS,1262.22509765625,3.8521359587795345,2.9040503900221393
2026-03-04,LT.NS,3882.60009765625,-4.527008525981224,-2.897633312503534
2024-11-22,TITAN.NS,3308.699951171875,4.097909421288115,2.8969890159948215
2023-11-02,BAC,27.6200008392334,4.621216811862361,2.8962211229983152
2025-06-06,BAJFINANCE.NS,937.1500244140624,4.897022476431356,2.894647805563143
2024-11-22,SBIN.NS,816.0499877929688,4.521292064421223,2.893047976937711
2024-02-16,WIPRO.NS,271.5,4.725168756026998,2.883395617935541
2026-03-31,META,572.1300048828125,6.665050836078534,2.8793431898717996
2025-05-12,HDFCBANK.NS,978.5999755859376,3.571995647147097,2.8790691670783644
2024-12-11,GOOGL,195.3999938964844,5.5246507688602176,2.8730746443933586
2026-04-28,ONGC.NS,301.29998779296875,5.386496755946157,2.87243800047474
2025-02-01,ITC.NS,462.5499877929688,3.3631257637919187,2.87092257570682
2026-02-12,WIPRO.NS,219.0800018310547,-4.6690726432836005,-2.868936246698671
2024-10-18,INFY.NS,1879.5999755859373,-4.496722783285034,-2.868315717813683
2024-10-03,AXISBANK.NS,1175.699951171875,-4.153594931571858,-2.8675080215110333
2026-05-12,TCS.NS,2300.300048828125,-3.869775473053727,-2.866853515763101
2025-07-31,HINDUNILVR.NS,2521.199951171875,3.4380919088223827,2.8556703621808226
2025-03-04,JPM,250.25,-3.978971418721977,-2.850781003977808
2023-07-14,INFY.NS,1425.949951171875,4.4575471887924545,2.8490168361264474
2025-07-25,BAJFINANCE.NS,913.75,-4.713489924568959,-2.8452451814619417
2026-02-24,TCS.NS,2573.699951171875,-3.8336545149777024,-2.839793212056678
2024-04-15,ONGC.NS,279.8500061035156,5.325552595556071,2.839409840506997
2024-08-05,SBIN.NS,811.6500244140625,-4.269617528367298,-2.8295731423470007
2025-03-19,LT.NS,3319.550048828125,4.6038254865906625,2.827358651890234
2024-02-06,HCLTECH.NS,1623.75,4.39772562366838,2.816787274138993
2024-10-23,BAJFINANCE.NS,699.5800170898438,4.760484599725201,2.813100353328714
2026-04-09,AMZN,233.6499938964844,5.6045170153601775,2.8124715860990093
2025-02-28,BAC,46.09999847412109,4.487759723868456,2.8108750991997042
2026-04-08,META,612.4199829101562,6.498564630983283,2.8058513562212504
2026-03-06,ICICIBANK.NS,1313.4000244140625,-3.2557418950157513,-2.8036068698499323
2026-02-04,HCLTECH.NS,1621.800048828125,-4.3355157130330335,-2.8010450892531664
2025-02-04,LT.NS,3439.14990234375,4.558857880271194,2.7991641644554037
2023-12-04,HDFCBANK.NS,804.7000122070312,3.4717756945093603,2.7984011865482215
2025-05-09,ICICIBANK.NS,1388.9000244140625,-3.2462539593129613,-2.7955477312127757
2024-07-24,GOOGL,172.6300048828125,-5.038774817986114,-2.7914195760585887
2025-04-15,LT.NS,3257.60009765625,4.545969887324475,2.791083450694148
2025-01-14,HINDUNILVR.NS,2367.949951171875,-3.388414884868418,-2.7805816734508944
2023-08-21,NVDA,46.96699905395508,8.471325632635462,2.780493725501009
2025-01-03,ONGC.NS,258.8900146484375,5.209902443464909,2.7767342420721057
2025-10-20,ICICIBANK.NS,1390.300048828125,-3.222882329434007,-2.7756956568236726
2026-01-07,TITAN.NS,4273.2001953125,3.9252978815019546,2.7731561553355033
2025-02-28,INFY.NS,1687.699951171875,-4.341670664642838,-2.7693144002037853
2023-07-18,BAC,30.700000762939453,4.421772657404399,2.7686762633829125
2024-02-08,ICICIBANK.NS,989.2999877929688,-3.213817525458129,-2.7679959301129644
2024-01-23,ONGC.NS,229.8999938964844,-5.019627763720935,-2.767071069465993
2024-03-01,ICICIBANK.NS,1086.9000244140625,3.2978592332703283,2.76308136666022
2023-12-07,GOOGL,136.92999267578125,5.314557895906713,2.760415180394752
2023-12-07,AMD,128.3699951171875,9.887001757007386,2.7582533762742045
2025-04-15,AXISBANK.NS,1112.800048828125,4.102165644722455,2.7580641311932386
2024-03-01,TITAN.NS,3765.89990234375,3.904094576001338,2.757944739118328
2024-07-02,TSLA,231.259994506836,10.19727143535938,2.756023198328406
2023-09-25,BAJFINANCE.NS,781.9849853515625,4.66448167070499,2.755762459569832
2024-08-13,HDFCBANK.NS,801.5999755859375,-3.42750588825107,-2.7548953152157387
2024-03-01,LT.NS,3633.5,4.484477548336874,2.7525280300073764
2023-12-01,ITC.NS,433.1192626953125,3.2124806910012627,2.7441418394162578
2025-04-07,AXISBANK.NS,1047.949951171875,-3.972335353856238,-2.7439956178524447
2024-12-09,HINDUNILVR.NS,2400.75,-3.343668862045024,-2.743637469065444
2025-10-15,BAC,52.27999877929688,4.372127410735982,2.736928047777877
2025-04-03,NVDA,101.8000030517578,-7.806552490608376,-2.7344585536655246
2024-10-03,LT.NS,3497.64990234375,-4.265775219823453,-2.7338412014514573
2025-01-22,MSFT,446.2000122070313,4.130691296856792,2.727272975559514
2023-09-11,TSLA,273.5799865722656,10.092549928477123,2.7272453317685064
2023-07-20,TSLA,262.8999938964844,-9.737009860008495,-2.7219927715010472
2025-04-10,AMZN,181.22000122070312,-5.1700704171933065,-2.7180697789814094
2025-03-12,INFY.NS,1590.8499755859375,-4.2579442127790745,-2.715854769171962
2024-07-25,ONGC.NS,335.79998779296875,5.085276363874591,2.7091942174575205
2024-01-31,LT.NS,3479.75,-4.226186848445135,-2.709019470193146
2025-04-11,JPM,236.1999969482422,4.002464142248918,2.708580365913054
2025-11-19,HCLTECH.NS,1662.5999755859375,4.2251771863802245,2.7057920367605797
2025-03-28,GOOGL,154.3300018310547,-4.875495188788481,-2.7038630814060194
2023-11-01,AMD,108.04000091552734,9.685280117286643,2.7005279610139614
2025-04-04,RELIANCE.NS,1204.699951171875,-3.5236647489820916,-2.6939484439253354
2025-10-24,HINDUNILVR.NS,2516.39990234375,-3.274915133546308,-2.6868714899315322
2026-04-23,MSFT,415.75,-3.966093711350327,-2.686779447427662
2024-01-18,HDFCBANK.NS,743.0750122070312,-3.339835810467484,-2.684328846747268
2024-02-14,SBIN.NS,743.4000244140625,4.197913195681635,2.682537935371858
2026-03-27,HDFCBANK.NS,756.2000122070312,-3.336312922561968,-2.68149324120673
2025-03-20,TITAN.NS,3193.10009765625,3.7967703726630386,2.6809495212213754
2024-03-27,RELIANCE.NS,1492.8499755859375,3.5568753724792623,2.679956968398065
2024-07-22,RELIANCE.NS,1500.675048828125,-3.5028759110531604,-2.6781703751981234
2024-09-11,NVDA,116.91000366210938,8.149866153881003,2.6715831124841256
2024-07-15,ONGC.NS,322.5,5.014651120291225,2.6709194782880616
2026-02-06,JPM,322.3999938964844,3.9463470756562646,2.669492779497855
2025-04-17,WIPRO.NS,236.8999938964844,-4.340803660384262,-2.6679288369208574
2024-11-25,ONGC.NS,257.8999938964844,5.0081382277265,2.6673898725620395
2026-03-31,GOOGL,287.5599975585937,5.140766931844132,2.667222124467412
2025-04-10,AAPL,190.4199981689453,-4.239380274487825,-2.665893867798138
2026-05-27,ITC.NS,291.95001220703125,-3.2156412682646462,-2.665673562205119
2026-03-27,BAJFINANCE.NS,843.7999877929688,-4.412349159675022,-2.66538840667206
2024-06-07,INFY.NS,1533.5999755859375,4.167089528676349,2.6635586088335974
2026-04-30,MSFT,407.7799987792969,-3.9296972651300055,-2.6624423472517873
2026-04-06,AXISBANK.NS,1245.300048828125,3.9569265755084793,2.65909652479233
2025-10-20,RELIANCE.NS,1466.800048828125,3.5290794944111026,2.6588607784141947
2026-05-12,HCLTECH.NS,1145.800048828125,-4.109128344023127,-2.6554168809793044
2026-04-10,ICICIBANK.NS,1321.9000244140625,3.168654806738691,2.6533339549396042
2025-04-01,HDFCBANK.NS,883.9249877929688,-3.3010599057971435,-2.6531177571322857
2024-08-05,RELIANCE.NS,1447.324951171875,-3.468227481931563,-2.651873316274513
2024-10-09,ITC.NS,473.4654235839844,-3.1991331262859357,-2.651780546283128
2025-02-28,TCS.NS,3483.25,-3.5791905186218442,-2.6491594805469334
2025-04-25,TSLA,284.95001220703125,9.803091011549903,2.64770092552471
2023-12-13,BAC,32.040000915527344,4.2290213210430805,2.6454114717739534
2026-03-24,BAJFINANCE.NS,849.0,4.479451822259239,2.6452531042753593
2025-04-07,HDFCBANK.NS,878.8499755859375,-3.279595887023856,-2.635841166963052
2025-04-02,TITAN.NS,3098.449951171875,3.7329048635801554,2.63513190846504
2025-04-09,WIPRO.NS,236.6499938964844,-4.287161214768698,-2.6350822092800175
2024-11-21,GOOGL,167.6300048828125,-4.7448522829006246,-2.6338075885868815
2025-10-10,AMZN,216.3699951171875,-4.99253978296662,-2.6269442001779746
2023-07-18,MSFT,359.489990234375,3.9799782520444804,2.6264961456678004
2025-01-31,LT.NS,3567.39990234375,4.2809732168606285,2.624931727104848
2026-03-23,ITC.NS,290.45001220703125,-3.1671944035271182,-2.6249013745151273
2026-03-19,ICICIBANK.NS,1250.0999755859375,-3.0404150901737204,-2.620706328902161
2024-05-01,AMD,144.27000427246094,-8.90895326136133,-2.620467073104605
2025-10-15,AMD,238.6000061035156,9.40437897658013,2.6201442450338255
2026-03-30,HDFCBANK.NS,731.5499877929688,-3.259722826784861,-2.6198451542506094
2024-09-18,TCS.NS,4346.14990234375,-3.539999854783016,-2.6197994822959747
2025-04-03,AMD,93.8000030517578,-8.89665512253901,-2.6169477919237196
2025-05-28,ITC.NS,420.2000122070313,-3.1574053657906886,-2.6166630605177934
2024-11-22,RELIANCE.NS,1265.4000244140625,3.466886705974037,2.6116584242637813
2024-04-11,AAPL,175.0399932861328,4.327091762818491,2.6111723297658083
2026-03-30,SBIN.NS,979.4000244140624,-3.93329824285803,-2.6106392736996744
2026-05-12,TITAN.NS,4055.300048828125,-3.5738074314741963,-2.60676030008669
2025-07-31,MSFT,533.5,3.947472946598163,2.6047609226708714
2023-09-07,LT.NS,2846.39990234375,4.246551053686609,2.603349185214701
2023-10-19,TSLA,220.1100006103516,-9.300310180733772,-2.60198604632043
2024-06-07,TITAN.NS,3444.050048828125,3.684920147605242,2.6007073001540326
2023-09-04,WIPRO.NS,217.0500030517578,4.2632399999501525,2.600544944866113
2025-09-22,AAPL,256.0799865722656,4.309566831880085,2.6003767279980137
2024-08-16,WIPRO.NS,258.125,4.261336234193069,2.5993792208909903
2025-04-15,HDFCBANK.NS,932.4500122070312,3.218487583454399,2.5945272086293296
2026-04-06,RELIANCE.NS,1304.699951171875,-3.3913401575805247,-2.593518275362206
2023-10-27,JPM,135.69000244140625,-3.601870036435295,-2.58811611854434
2026-03-09,SBIN.NS,1098.5,-3.8932633420822427,-2.5845777420379306
2025-04-04,NVDA,94.30999755859376,-7.357569026158006,-2.5823427581158023
2026-05-27,ONGC.NS,274.04998779296875,-4.678265115489133,-2.582072538340995
2025-05-12,BAJFINANCE.NS,901.8499755859376,4.368707448973397,2.5791108607556765
2026-02-06,NVDA,185.41000366210932,7.871770069195394,2.5773640364809594
2024-06-19,TITAN.NS,3462.35009765625,-3.528835395479246,-2.574497011816232
2025-01-21,ICICIBANK.NS,1196.1500244140625,-2.9847056421743234,-2.5733862185124368
2026-03-27,SBIN.NS,1019.5,-3.8751627882351647,-2.5727948189373437
2024-03-21,AAPL,171.3699951171875,-4.085746418856029,-2.5712532709660607
2026-03-19,TCS.NS,2356.0,-3.474272661901945,-2.5705594317583076
2024-07-17,META,461.989990234375,-5.675905556574278,-2.568312450898117
2023-11-29,AXISBANK.NS,1060.1500244140625,3.8192233332588366,2.5652639193312354
2026-04-06,TITAN.NS,4246.10009765625,3.6341866456538474,2.564310691412292
2024-01-04,BAJFINANCE.NS,770.5549926757812,4.343382766675896,2.5639856561617016
2024-06-06,HCLTECH.NS,1397.5,4.0038736907897166,2.563434131862723
2023-12-04,SBIN.NS,594.7000122070312,4.013994264456722,2.5628121721894725
2025-01-02,INFY.NS,1957.8499755859373,4.002654745600909,2.5585664273147306
2024-10-31,HCLTECH.NS,1766.050048828125,-3.956384493592102,-2.5571613406618248
2026-05-12,ONGC.NS,294.5,4.804270462633453,2.5569055026952485
2025-08-08,AAPL,229.3500061035156,4.235789381413957,2.5549287900018633
2025-03-10,GOOGL,165.8699951171875,-4.595654817160022,-2.5538024637866386
2023-07-05,HDFCBANK.NS,836.6500244140625,-3.1767100969145923,-2.553027428830857
2025-01-31,TITAN.NS,3490.25,3.6174474880926732,2.55230188963464
2023-07-26,MSFT,337.7699890136719,-3.7637533646241783,-2.5514811477506467
2025-05-12,LT.NS,3587.199951171875,4.160981819785237,2.549697659427441
2026-03-19,AXISBANK.NS,1207.0,-3.6865586476182988,-2.5492640161245617
2024-03-05,BAJFINANCE.NS,632.4249877929688,-4.21358852092184,-2.5466783162134843
2024-12-18,MSFT,437.3900146484375,-3.7561011150808676,-2.5463643414949204
2023-10-26,MSFT,327.8900146484375,-3.751430497421182,-2.5432412538951343
2025-01-16,AAPL,228.259994506836,-4.040022200201044,-2.543086514847153
2024-11-25,LT.NS,3753.0,4.148744276397953,2.5420247746219946
2024-07-24,META,461.2699890136719,-5.610921707165895,-2.5396266973369683
2025-07-11,TCS.NS,3266.0,-3.42992312241277,-2.5373346206862655
2024-11-06,INFY.NS,1823.699951171875,3.961920073796099,2.532557197538328
2025-09-04,BAJFINANCE.NS,934.75,4.28985972673166,2.5320189400490194
2026-05-06,HDFCBANK.NS,796.5499877929688,3.1399715632911107,2.5313289270582846
2024-07-05,META,539.9099731445312,5.87300615563906,2.5297117242175884
2026-02-03,RELIANCE.NS,1437.0999755859375,3.35874211391467,2.5295801083991725
2026-03-25,TITAN.NS,4039.300048828125,3.585076261780351,2.5290785201990214
2025-01-28,AXISBANK.NS,983.7999877929688,3.7654269725055256,2.528606447718063
2025-07-07,HINDUNILVR.NS,2410.39990234375,3.0393644266045516,2.5264641295891277
2024-07-08,TITAN.NS,3156.199951171875,-3.460936978437723,-2.525786159535397
2026-04-15,TCS.NS,2554.89990234375,3.3284721118271854,2.5257710483730604
2025-06-25,TITAN.NS,3652.199951171875,3.5791251041371153,2.5248091134368233
2024-10-29,ICICIBANK.NS,1331.8499755859375,3.0165913088504137,2.5241698406874087
2025-04-04,AMD,85.76000213623047,-8.57142926860135,-2.523879951022226
2025-04-01,HCLTECH.NS,1530.3499755859375,-3.9026702928767643,-2.5226086054838524
2024-06-05,ONGC.NS,247.5,4.739736268978811,2.5219317552882448
2023-09-04,HCLTECH.NS,1232.5,3.9382652427807363,2.521230183943886
2024-02-29,AMD,192.52999877929688,9.05744086397904,2.520863143376969
2024-11-14,HINDUNILVR.NS,2389.199951171875,-3.0730847076220424,-2.5202317745767595
2026-03-30,AXISBANK.NS,1161.300048828125,-3.6425409991980184,-2.519269873865678
2023-12-15,SBIN.NS,648.25,3.9445160944313162,2.5175839464956487
2025-01-28,BAJFINANCE.NS,760.6599731445312,4.264985842306435,2.5171629751623232
2024-06-19,HDFCBANK.NS,828.9249877929688,3.112944721844757,2.5095747687075374
2026-05-11,RELIANCE.NS,1388.199951171875,-3.274805016654536,-2.5050717989910236
2025-11-12,AMD,258.8900146484375,8.997141289818655,2.5036075927913064
2025-03-07,RELIANCE.NS,1249.800048828125,3.323418820566215,2.5027708489288414
2026-04-01,SBIN.NS,1017.7999877929688,3.920763980160169,2.5021220253689394
2024-01-24,ICICIBANK.NS,999.2000122070312,-2.900737107498974,-2.5020625836032573
2024-01-23,ICICIBANK.NS,1029.050048828125,2.9873935404745477,2.499368991418636
2026-02-24,INFY.NS,1275.5,-3.917137476459509,-2.498248481418962
2025-08-20,INFY.NS,1496.199951171875,3.902774386935759,2.494792470545926
2026-04-08,RELIANCE.NS,1347.800048828125,3.3113654798885728,2.493622745593076
2024-10-28,ICICIBANK.NS,1292.8499755859375,2.9790135703261056,2.4922509687720793
2024-07-18,TCS.NS,4315.5498046875,3.2811114879100822,2.4902904593968467
2024-09-30,RELIANCE.NS,1476.574951171875,-3.2499612475210826,-2.4862161660705757
2026-03-05,RELIANCE.NS,1389.4000244140625,3.301117056807623,2.4858445174752006
2025-03-10,BAC,39.83000183105469,-3.7922696544897994,-2.4842170911142083
2025-04-16,MSFT,371.6099853515625,-3.660598147045935,-2.4825046644789333
2025-04-07,RELIANCE.NS,1165.699951171875,-3.237320625941975,-2.4766223351545977
2025-04-10,AMD,88.69999694824219,-8.405617201023684,-2.47643055258718
2024-07-30,NVDA,103.7300033569336,-7.043635844522522,-2.4759820578784426
2026-01-14,BAC,52.47999954223633,-3.777046825652952,-2.4744820674319064
2024-08-05,GOOGL,159.25,-4.446179946769114,-2.47364858449142
2024-01-30,TITAN.NS,3735.75,-3.385356979549814,-2.4715644807153563
2026-03-31,JPM,294.1600036621094,3.6614212392759082,2.4710315282659887
2024-02-26,GOOGL,137.57000732421875,-4.438732350401386,-2.469654911583478
2026-02-06,HINDUNILVR.NS,2424.199951171875,2.96466410649443,2.4647883935198194
2024-04-04,HDFCBANK.NS,763.7999877929688,3.056056484220293,2.463784892297673
2026-03-05,LT.NS,4038.699951171875,4.020497851680771,2.4616148416457526
2025-04-23,WIPRO.NS,243.6000061035156,4.035879758002037,2.4613265121137817
2024-10-11,TSLA,217.8000030517578,-8.782510719719294,-2.459692794079351
2025-04-15,ICICIBANK.NS,1350.199951171875,2.9390406007908654,2.4582975659124227
2026-02-23,BAC,51.06999969482422,-3.750474230987322,-2.457488850130272
2025-07-21,RELIANCE.NS,1428.5999755859375,-3.211383767890408,-2.456937082409612
2025-11-13,JPM,309.4800109863281,-3.411252005510901,-2.4553436981657644
2023-11-17,SBIN.NS,563.0499877929688,-3.694524197230875,-2.455204459836508
2024-10-14,WIPRO.NS,274.7749938964844,4.022335886997497,2.4530332569760516
2025-04-16,AAPL,194.2700042724609,-3.8933388448355477,-2.4527275230739285
2024-02-07,SBIN.NS,675.25,3.844675124951946,2.4525904399100273
2025-06-16,AMD,126.38999938964844,8.806814226088067,2.4491428918087017
2025-04-11,AAPL,198.1499938964844,4.059445332354672,2.4462983974225487
2026-02-02,AAPL,270.010009765625,4.058115590203082,2.445479257719638
2023-07-13,GOOGL,124.54000091552734,4.717060956828578,2.440015521181906
2026-02-24,AMD,213.83999633789065,8.769069022967212,2.4383415839904137
2024-04-04,AMD,165.8300018310547,-8.26464683758501,-2.4360899486730427
2024-08-01,AMD,132.5399932861328,-8.26412153549807,-2.435939626272592
2025-10-23,INFY.NS,1528.5,3.810104228180955,2.435622251524183
2023-09-21,ICICIBANK.NS,959.2999877929688,-2.8212567423704815,-2.434551240612809
2026-01-22,META,647.6300048828125,5.656157280629781,2.4339883491765577
2023-07-14,HCLTECH.NS,1150.949951171875,3.8013979516232643,2.433187558289769
2024-07-24,MSFT,428.8999938964844,-3.5854809459797354,-2.432276275800187
2025-04-03,HCLTECH.NS,1470.0999755859375,-3.7609290305257725,-2.4314307002635873
2024-08-05,INFY.NS,1751.9000244140625,-3.805179475939502,-2.4267629082741786
2024-09-09,HINDUNILVR.NS,2921.800048828125,2.9183359721452806,2.4265379311056106
2024-12-18,AMZN,220.5200042724609,-4.598741035997566,-2.424809290302076
2026-01-06,ICICIBANK.NS,1411.199951171875,2.8946373439208806,2.4205810368099674
2024-04-18,TITAN.NS,3525.10009765625,-3.3133055740187656,-2.419874242203564
2025-04-16,NVDA,104.48999786376952,-6.871657124936736,-2.4177155919197477
2024-11-11,TSLA,350.0,8.959591143118995,2.4159039682455297
2025-05-12,ITC.NS,435.5,2.821393590234833,2.4150085350843504
2024-08-05,LT.NS,3528.0,-3.7564435989327016,-2.414492560046259
2024-12-18,JPM,230.3699951171875,-3.352074791367954,-2.4141246072176648
2024-01-12,HCLTECH.NS,1540.800048828125,3.7715516001092464,2.4139882950379925
2025-04-04,MSFT,359.8399963378906,-3.5565890848963,-2.4129572435738367
2025-04-07,INFY.NS,1396.75,-3.781904969568828,-2.4119020549198686
2025-04-04,WIPRO.NS,246.3000030517578,-3.9204223961280316,-2.4105187450475754
2024-01-15,ONGC.NS,233.5,4.521041351592681,2.403411938634304
2026-04-13,MSFT,384.3699951171875,3.6400895671633515,2.3992238201631277
2024-01-23,SBIN.NS,605.0999755859375,-3.608128142423339,-2.3989631934867703
2024-03-13,TITAN.NS,3625.699951171875,-3.283720018482472,-2.3986493346406452
2026-04-08,JPM,307.9700012207031,3.5541383796725334,2.3963050983181065
2024-07-24,NVDA,114.25,-6.8031622375641305,-2.39450949390336
2023-10-06,BAJFINANCE.NS,816.85498046875,4.046026892038079,2.3863894127702814
2023-10-27,BAC,25.170000076293945,-3.6370625283920766,-2.3849618827414973
2024-03-18,GOOGL,147.67999267578125,4.6040518042292256,2.379415890267261
2023-07-20,ITC.NS,473.8987426757813,2.7774854587266917,2.378056080293607
2024-11-22,INFY.NS,1902.25,3.7185436251018222,2.377160487664581
2025-10-20,AAPL,262.239990234375,3.943873008454002,2.375104234741092
2025-02-04,RELIANCE.NS,1285.199951171875,3.1543403152508143,2.3744456252544563
2023-07-21,LT.NS,2586.25,3.877979303597612,2.372256351344675
2023-07-21,RELIANCE.NS,1269.375,-3.0956006883295806,-2.3690613967650282
2026-02-04,WIPRO.NS,233.33999633789065,-3.852654006945755,-2.3690224445015033
2024-06-25,AXISBANK.NS,1271.449951171875,3.5298409288913923,2.368075352578635
2024-09-06,TSLA,210.72999572753903,-8.445932396079382,-2.3671997964799694
2024-07-11,TSLA,241.02999877929688,-8.444127539962887,-2.3667038151860913
2024-01-23,HDFCBANK.NS,713.6749877929688,-2.944279611689171,-2.365941949709248
2025-04-22,BAC,38.31999969482422,3.7919869862195643,2.3659273072284073
2024-09-13,WIPRO.NS,275.29998779296875,3.8769905228250634,2.364034610446987
2025-10-15,BAJFINANCE.NS,1059.9000244140625,3.998429968485584,2.357962078586258
2024-02-22,ITC.NS,399.0802307128906,2.7519510954224558,2.356566725743522
2025-05-02,AAPL,205.3500061035156,-3.736171454649251,-2.3559102196963475
2023-12-04,LT.NS,3313.550048828125,3.8518844199765256,2.3558949763775234
2024-06-24,NVDA,118.11000061035156,-6.684047645469504,-2.354153417627287
2023-06-29,JPM,143.42999267578125,3.4923129127519603,2.3532414025896795
2025-11-19,INFY.NS,1541.0999755859375,3.6800289473513548,2.3525687318213997
2025-02-25,TSLA,302.79998779296875,-8.38955952220366,-2.351708317314972
2024-08-01,NVDA,109.20999908447266,-6.674070913209606,-2.3507732963425116
2023-07-18,INFY.NS,1475.199951171875,3.671949245788264,2.3474098142416495
2024-01-12,WIPRO.NS,232.7250061035156,3.848728141495883,2.346728838774756
2024-05-30,TITAN.NS,3271.85009765625,-3.211152757762137,-2.3465890176053983
2025-07-21,ICICIBANK.NS,1465.800048828125,2.8054424624880836,2.344818095564454
2026-03-25,BAJFINANCE.NS,882.75,3.9752650176678506,2.3441267768671064
2025-05-12,BAC,43.36000061035156,3.7568788237113404,2.3434755804749416
2026-03-13,SBIN.NS,1047.0,-3.5200841218822387,-2.341649150376993
2024-02-09,SBIN.NS,725.25,3.673792102850726,2.341350666496154
2025-04-23,INFY.NS,1474.9000244140625,3.6617918047479048,2.3409242527714387
2025-04-25,AXISBANK.NS,1166.300048828125,-3.3799956576097023,-2.340368396671385
2024-11-06,HCLTECH.NS,1838.4000244140625,3.656506656171743,2.339983331201638
2025-01-27,GOOGL,191.8099975585937,-4.195599057782607,-2.339277969036217
2025-11-18,AMZN,222.5500030517578,-4.431653833391602,-2.339044272256382
2024-05-23,AXISBANK.NS,1165.25,3.4857904085257463,2.338058810990368
2024-01-17,ICICIBANK.NS,981.75,-2.705513911424773,-2.336238230273353
2024-03-12,NVDA,91.91300201416016,7.157180253269502,2.335260692041841
2025-03-24,SBIN.NS,780.7999877929688,3.664362073636185,2.3352119974802794
2025-01-27,WIPRO.NS,307.95001220703125,-3.7956868681081057,-2.334140023021798
2024-07-17,NVDA,117.98999786376952,-6.623933765552992,-2.3337868086291698
2026-02-05,AMZN,222.69000244140625,-4.420791797466195,-2.333468844021148
2025-04-08,TITAN.NS,3122.300048828125,3.312159991844199,2.3332862662829017
2024-04-16,INFY.NS,1414.449951171875,-3.657669335503988,-2.332577170008731
2026-03-19,INFY.NS,1220.800048828125,-3.654007390885028,-2.3302390056194517
2026-03-16,HDFCBANK.NS,840.5999755859375,2.888613902807524,2.3290087869232616
2026-01-19,RELIANCE.NS,1413.5999755859375,-3.03862048743222,-2.325815231254366
2023-09-21,AMZN,129.3300018310547,-4.40534536983307,-2.3255402706532604
2024-12-18,TSLA,440.1300048828125,-8.27949436951747,-2.321461996657464
2026-03-27,HINDUNILVR.NS,2074.39990234375,-2.829311649937938,-2.318962452780427
2023-09-01,ONGC.NS,181.75,4.364057634152485,2.3183359723930965
2024-04-16,BAC,34.68000030517578,-3.532685482090181,-2.318212592676685
2025-09-15,GOOGL,251.6100006103516,4.489201587040781,2.317829013346228
2024-05-09,ONGC.NS,265.25,-4.18999669415876,-2.317459695639169
2025-04-07,AAPL,181.4600067138672,-3.6734249865053914,-2.3172575205902866
2025-11-20,AMD,206.0200042724609,-7.841645511066375,-2.3150423146030175
2024-01-24,HINDUNILVR.NS,2441.64990234375,2.782507299656034,2.314392048159706
2026-02-24,LT.NS,4259.2001953125,-3.596566370871601,-2.3142502552711295
2023-12-14,INFY.NS,1501.449951171875,3.619734380391648,2.3140704408854083
2024-12-20,AXISBANK.NS,1071.8499755859375,-3.341153216017112,-2.313900701085135
2023-08-14,NVDA,43.75299835205078,7.093376189659417,2.313643847182678
2026-03-27,ONGC.NS,281.95001220703125,4.348630447506041,2.3099753421842366
2025-10-16,BAC,50.43999862670898,-3.5195107030426165,-2.3097873001498
2024-09-03,AMD,136.94000244140625,-7.821752361435275,-2.3093496168593393
2024-01-16,AMD,158.74000549316406,8.310595071960769,2.3071429716626066
2025-03-10,ONGC.NS,223.19000244140625,-4.165055164954989,-2.3039428498723304
2026-03-25,LT.NS,3649.300048828125,3.767629611019596,2.3030675891338377
2026-03-09,ICICIBANK.NS,1278.4000244140625,-2.664839298721222,-2.3016888453429525
2025-07-24,TSLA,305.29998779296875,-8.197020076301275,-2.2987977486394677
2026-02-06,AMD,208.44000244140625,8.280520748782472,2.2985367914008297
2025-04-10,BAC,35.849998474121094,-3.499335123451397,-2.296884984343077
2026-04-07,WIPRO.NS,204.72000122070312,3.7660338524085457,2.2960930318031285
2025-04-04,META,504.7300109863281,-5.058121285474204,-2.295604577848595
2024-10-18,WIPRO.NS,274.32501220703125,3.763597997931445,2.2946014964326125
2024-05-30,MSFT,414.6700134277344,-3.378614429323723,-2.2939514759442994
2024-02-08,SBIN.NS,699.5499877929688,3.5986653525314605,2.292445382752486
2024-07-18,JPM,209.97999572753903,-3.1770182804335856,-2.29219135385716
2025-09-03,AAPL,238.47000122070312,3.8089848308826335,2.292011236922039
2023-07-10,TITAN.NS,3045.550048828125,-3.131359770097808,-2.2893449078820933
2024-08-02,WIPRO.NS,251.0749969482422,-3.7196806347515987,-2.287599481911204
2025-04-09,SBIN.NS,742.2000122070312,-3.4348118940259353,-2.2861394620030793
2026-05-28,MSFT,426.989990234375,3.4700793226276616,2.2855435908587673
2026-02-03,AXISBANK.NS,1356.199951171875,3.4083073710922562,2.2852609598820894
2025-05-13,INFY.NS,1568.5999755859375,-3.583505313986468,-2.285223184047232
2024-07-12,INFY.NS,1711.75,3.5729443076618184,2.2841948165348263
2025-10-10,AMD,214.8999938964844,-7.724679265022861,-2.2815708182695515
2026-02-03,ICICIBANK.NS,1389.699951171875,2.727668614124812,2.278756283391705
2024-01-17,AXISBANK.NS,1082.300048828125,-3.2883502422153876,-2.2779201349999343
2025-05-15,HCLTECH.NS,1696.0,3.559873637805744,2.2778222071677265
2024-05-28,NVDA,113.9010009765625,6.98043475846295,2.275379240538409
2025-01-22,TCS.NS,4156.60009765625,2.991934712097555,2.273651372419661
2025-07-08,JPM,282.7799987792969,-3.147584478879195,-2.271689636079637
2025-04-24,MSFT,387.2999877929688,3.4482685540249136,2.270959451045097
2025-03-10,MSFT,380.1600036621094,-3.3434171462995543,-2.270416216548575
2025-02-24,WIPRO.NS,295.04998779296875,-3.6885973838461705,-2.2685664203749276
2025-03-28,AMZN,192.72000122070312,-4.2908220915074295,-2.2667560497251404
2025-10-06,TCS.NS,2988.39990234375,2.9808057793494935,2.265314043729291
2024-11-06,WIPRO.NS,281.95001220703125,3.7152863258240076,2.2650190363823772
2026-01-20,BAJFINANCE.NS,933.2000122070312,-3.73923353897061,-2.2633690897482146
2025-04-23,TCS.NS,3413.0,2.974900451406781,2.260890020222509
2024-06-07,BAJFINANCE.NS,719.1400146484375,3.834935589131838,2.260314814599282
2024-12-18,BAC,43.5,-3.440619896360475,-2.259336501576305
2023-09-06,AAPL,182.91000366210932,-3.579332311737171,-2.2592951212156795
2024-01-02,AAPL,185.63999938964844,-3.578662771169838,-2.258882674892341
2024-03-13,HINDUNILVR.NS,2312.60009765625,-2.756336117538194,-2.2587107742177537
2026-04-02,HCLTECH.NS,1402.199951171875,3.5292325676449687,2.258111725233056
2023-07-21,HCLTECH.NS,1115.449951171875,-3.491096725351528,-2.257855666864919
2024-09-06,BAC,38.7599983215332,-3.4379698283481197,-2.2576417787927485
2024-10-18,ICICIBANK.NS,1264.5,2.700507614213188,2.2556854837290117
2024-08-29,NVDA,117.58999633789062,-6.384845341526102,-2.252783545241505
2024-11-18,TCS.NS,4019.5,-3.0487929115773804,-2.251807884789848
2025-04-04,TCS.NS,3299.39990234375,-3.0486461947664245,-2.2516979707212634
2026-03-24,HDFCBANK.NS,764.9000244140625,2.788416222432888,2.2483587335467328
2026-04-30,HINDUNILVR.NS,2250.89990234375,-2.743691785317426,-2.2482710800414623
2024-11-28,INFY.NS,1856.6500244140625,-3.525589794021178,-2.2482439229004854
2025-03-28,WIPRO.NS,262.25,-3.655404761504355,-2.2482417373002934
2026-01-20,JPM,302.739990234375,-3.113902438095373,-2.2482288645226602
2025-04-03,GOOGL,150.72000122070312,-4.024447488299632,-2.247500252784322
2024-09-05,TITAN.NS,3722.85009765625,3.1917883427908578,2.2469307093889594
2026-05-20,AMD,447.5799865722656,8.098055734290298,2.246321923691999
2024-10-21,HDFCBANK.NS,864.3499755859375,2.785621563517604,2.246109286355499
2023-06-07,AMZN,121.2300033569336,-4.249267220189957,-2.245426143946334
2024-09-06,GOOGL,150.9199981689453,-4.019338020497276,-2.2447603697228966
2024-03-13,RELIANCE.NS,1432.175048828125,-2.9313586640237532,-2.24440690880121
2024-08-05,NVDA,100.4499969482422,-6.357788671810338,-2.2436167336223334
2025-09-05,JPM,294.3800048828125,-3.1071036185357115,-2.243493238389729
2025-04-15,BAC,37.9900016784668,3.599682507318347,2.2429482816885096
2025-08-01,BAC,45.65999984741211,-3.4059669870113884,-2.2371759099550244
2026-01-29,LT.NS,3932.89990234375,3.661041179329194,2.236237120626284
2024-08-26,HCLTECH.NS,1719.449951171875,3.490926702853181,2.2334707106728984
2026-01-29,AXISBANK.NS,1363.699951171875,3.326254032399034,2.229348851854825
2024-09-30,AXISBANK.NS,1232.199951171875,-3.2164373763440612,-2.228917864169973
2024-09-19,AAPL,228.8699951171875,3.7065533487195657,2.228912015943426
2025-04-10,JPM,227.1100006103516,-3.0852589572947897,-2.2282776340146233
2026-03-19,HINDUNILVR.NS,2077.300048828125,-2.7162458986422555,-2.22561059799439
2026-05-12,WIPRO.NS,189.57000732421875,-3.6150018386888028,-2.2235020046856606
2025-09-22,TCS.NS,3073.800048828125,-3.0102203651894532,-2.222910954154993
2024-09-30,ICICIBANK.NS,1273.0,-2.5715579529893784,-2.2224548242594797
2025-01-31,ITC.NS,447.5,2.59055192038955,2.2207354909855384
2023-10-20,ITC.NS,422.0457458496094,-2.6865011880616296,-2.2203568470530075
2024-08-05,MSFT,395.1499938964844,-3.265685000074703,-2.2184393005027534
2024-11-15,AMZN,202.6100006103516,-4.194247823144048,-2.2171849650474713
2025-06-23,TSLA,348.67999267578125,8.231930938729072,2.21594018920607
2024-11-25,SBIN.NS,844.4500122070312,3.480181954401007,2.2153162086585825
2024-01-24,HCLTECH.NS,1576.4000244140625,3.4620811311498967,2.214915219073892
2026-03-26,AMD,203.7700042724609,-7.490806591890964,-2.2146449436174747
2025-03-05,ITC.NS,405.0499877929688,2.5832547883459123,2.2145943291395915
2024-02-02,TCS.NS,3966.300048828125,2.90985429539663,2.2121601738860583
2023-07-03,ITC.NS,446.0704956054688,2.5797150839118155,2.2116153645701404
2025-01-03,TSLA,410.4400024414063,8.215567328200034,2.2114434070811506
2025-04-09,HINDUNILVR.NS,2350.0,2.653707546139561,2.208049537284741
2025-04-03,INFY.NS,1496.5,-3.460956911853841,-2.206975602599377
2024-08-05,TCS.NS,4155.0498046875,-2.9885246690317,-2.2066574504158227
2025-05-09,LT.NS,3443.89990234375,3.610217019934492,2.204370600686143
2024-11-08,TSLA,321.2200012207031,8.187665372925302,2.2037758441367084
2025-07-28,BAJFINANCE.NS,880.5,-3.6388508891928906,-2.20341540117921
2024-06-25,NVDA,126.08999633789062,6.756409860554746,2.199479506435799
2024-05-23,LT.NS,3585.39990234375,3.5988211327571573,2.1972254305486123
2025-01-28,AAPL,238.259994506836,3.6543956643956044,2.19678215528544
2025-01-22,WIPRO.NS,309.1000061035156,3.6031505882624826,2.1963554850724485
2026-02-03,SBIN.NS,1064.199951171875,3.450957683001654,2.1962920757243936
2025-04-04,AMZN,171.0,-4.153356599971369,-2.1961957065128974
2025-01-07,NVDA,140.13999938964844,-6.216953584605567,-2.195901744034256
2024-08-15,AMZN,177.58999633789062,4.403286281963403,2.1958859115529252
2024-05-31,BAC,39.9900016784668,3.5205813428622834,2.1923629589780864
2024-06-06,SBIN.NS,816.9500122070312,3.444129434255294,2.1918470885394834
2024-11-12,HDFCBANK.NS,859.0999755859375,-2.7232121568565137,-2.188002680402766
2023-09-12,TCS.NS,3580.800048828125,2.877340419010177,2.1878021441837814
2026-03-10,ICICIBANK.NS,1311.9000244140625,2.6204630288046316,2.1876948869154593
2024-02-06,WIPRO.NS,249.8249969482422,3.586604659284709,2.1862239938276304
2024-01-30,BAC,34.790000915527344,3.510860707370389,2.186146596846262
2026-03-27,JPM,282.8399963378906,-3.0240715948275154,-2.185658401343064
2025-04-07,HCLTECH.NS,1374.0999755859375,-3.375290121935548,-2.1833607503176404
2026-01-20,AAPL,246.6999969482422,-3.455563680678142,-2.1830519190624464
2023-12-06,ITC.NS,446.0704956054688,2.5456609311925726,2.182955877236648
2026-02-23,MSFT,384.4700012207031,-3.2122471647954565,-2.182707186919456
2024-04-30,MSFT,389.3299865722656,-3.211936215720168,-2.182499265554027
2024-07-04,ICICIBANK.NS,1233.0,2.6131845083261496,2.181512445608208
2025-10-10,AAPL,245.2700042724609,-3.4522080166306757,-2.180984783228914
2024-11-22,HINDUNILVR.NS,2445.25,2.620864104925147,2.1809326064742454
2025-04-09,LT.NS,3054.14990234375,-3.383322008429801,-2.1805469966475823
2025-04-22,ITC.NS,433.6000061035156,2.542272636829135,2.1801043372147397
2024-01-23,RELIANCE.NS,1328.574951171875,-2.84288283945493,-2.177256563721032
2024-10-25,LT.NS,3326.39990234375,-3.376759278393582,-2.1764321943556877
2025-03-06,RELIANCE.NS,1209.5999755859375,2.892140243797958,2.175444085976225
2024-10-07,SBIN.NS,770.6500244140625,-3.2636665038858204,-2.1747288947862944
2025-04-16,AMD,88.29000091552734,-7.345996361365725,-2.173205509045293
2025-02-05,TITAN.NS,3490.89990234375,-2.9685646462356385,-2.1725544203271197
2025-07-28,WIPRO.NS,250.0500030517578,-3.5300959584697256,-2.1715119844680775
2023-12-06,WIPRO.NS,209.375,3.5612696127418575,2.170710703363205
2024-08-05,AMZN,161.02000427246094,-4.097671157906757,-2.167612650066518
2026-05-06,SBIN.NS,1096.0,3.4059793145013284,2.167012493358755
2025-02-01,LT.NS,3447.5,-3.3609885526143746,-2.1665440200405808
2026-04-22,INFY.NS,1268.5999755859375,-3.3962821538439214,-2.165680544426977
2024-07-16,HINDUNILVR.NS,2688.449951171875,2.600843455856472,2.1644027138837516
2026-03-19,HCLTECH.NS,1311.800048828125,-3.345115235566387,-2.1639501504417438
2025-03-14,JPM,232.44000244140625,3.219503495447773,2.1632196797658163
2025-01-15,TSLA,428.2200012207031,8.038151439752795,2.1626888492511025
2026-04-16,AMD,278.260009765625,7.802578269573357,2.161766992577807
2023-11-17,AXISBANK.NS,994.3499755859376,-3.1178448639540557,-2.1617357690691335
2024-11-22,HCLTECH.NS,1898.4000244140625,3.37898819141631,2.161464021745472
2026-01-23,MSFT,465.9500122070313,3.282794050120974,2.1603121215315153
2026-05-04,HINDUNILVR.NS,2309.300048828125,2.59452436883425,2.1591854090207065
2024-07-26,WIPRO.NS,262.3999938964844,3.5414780454372075,2.158591825593474
2026-04-06,HDFCBANK.NS,771.0,2.676784516237274,2.1585053254685524
2024-01-30,ITC.NS,421.8050231933594,-2.6122688313478193,-2.1578839585182537
2026-02-11,SBIN.NS,1182.9000244140625,3.39131628844358,2.1574672987796264
2025-08-25,TCS.NS,3140.60009765625,2.8356286069499026,2.15655340764361
2025-06-20,GOOGL,166.63999938964844,-3.8541470414748202,-2.1561789395560886
2026-05-26,AMD,503.8900146484375,7.78165261125654,2.1557788283054737
2025-02-24,HCLTECH.NS,1644.050048828125,-3.330975714129647,-2.1548546201491847
2025-04-07,BAC,35.58000183105469,3.460315389724733,2.153822784394341
2024-02-08,AXISBANK.NS,1035.9000244140625,-3.1054112739717588,-2.153263374924929
2026-04-27,RELIANCE.NS,1365.800048828125,2.861876683431186,2.152475003383468
2025-02-24,TCS.NS,3675.60009765625,-2.916003759739827,-2.1523278330680866
2026-03-24,GOOGL,290.44000244140625,-3.846916245483112,-2.152301522920021
2025-11-06,AMD,237.6999969482422,-7.267971208967861,-2.1508775410139718
2025-02-28,HCLTECH.NS,1575.050048828125,-3.3237112672879876,-2.150181619255724
2025-05-13,TCS.NS,3515.0,-2.9112779026294056,-2.1487874195383014
2023-10-26,BAJFINANCE.NS,742.1799926757812,-3.543465015550995,-2.1464460446731626
2026-05-14,HDFCBANK.NS,769.5499877929688,2.661421138846354,2.1461391988078486
2025-12-10,JPM,310.1099853515625,3.1945610042822814,2.145846323707873
2024-07-26,ITC.NS,483.5760498046875,2.5002558330915248,2.1447435967952186
2025-02-07,AMZN,229.1499938964844,-4.0530954487944975,-2.144732163489528
2023-12-14,WIPRO.NS,217.1999969482422,3.5148338411839397,2.1422769047159735
2024-06-03,HDFCBANK.NS,786.0999755859375,2.6541674152179118,2.1403006085767666
2025-02-03,AAPL,228.009994506836,-3.385595547950848,-2.1399505738979587
2024-08-16,TCS.NS,4416.0498046875,2.812404509341704,2.1391548897731054
2024-01-30,RELIANCE.NS,1407.625,-2.7916886478364544,-2.138401795765665
2024-01-23,ITC.NS,442.2669677734375,-2.587485181971705,-2.1370263940611847
2025-09-04,AMZN,235.67999267578125,4.2877945692648245,2.1366045981474895
2025-04-17,RELIANCE.NS,1274.5,2.8403090280807897,2.136105836931418
2026-01-21,AMD,249.8000030517578,7.7095571852271005,2.135147732843059
2025-04-23,AMZN,180.6000061035156,4.284567352780599,2.134948084209318
2024-07-05,ONGC.NS,288.20001220703125,4.0245532955571095,2.1343445360832316
2024-04-10,ITC.NS,420.7458190917969,2.4862221176240373,2.1329330227956773
2025-07-15,HCLTECH.NS,1566.4000244140625,-3.296704704552622,-2.1328091069994644
2023-09-26,AMZN,125.9800033569336,-4.029862682526875,-2.132806901787152
2025-01-17,RELIANCE.NS,1302.3499755859375,2.8346974454729557,2.1318468236879884
2025-04-11,RELIANCE.NS,1218.949951171875,2.834603811362002,2.131775758367123
2025-03-13,AAPL,209.67999267578125,-3.364366852013567,-2.1268734012577952
2024-02-05,BAJFINANCE.NS,660.8200073242188,-3.5059809246759555,-2.124058615016836
2024-09-18,BAJFINANCE.NS,763.1099853515625,3.6060006786748255,2.1235830949793533
2025-03-13,META,590.6400146484375,-4.667826041725876,-2.1233169513047496
2023-06-22,AMZN,130.14999389648438,4.261789623803569,2.1232563908522755
2024-08-13,NVDA,116.13999938964844,6.530914479747296,2.123081572079122
2023-12-14,HCLTECH.NS,1414.5999755859375,3.3158067508843647,2.120821294984395
2025-05-21,BAC,43.25,-3.2221943856770685,-2.1196530339296773
2025-04-17,SBIN.NS,797.4500122070312,3.3300955240727292,2.117614398982456
2026-04-27,AXISBANK.NS,1324.199951171875,-3.0529374402841647,-2.11750708877654
2025-11-12,TCS.NS,3131.800048828125,2.783066912639476,2.117176395318226
2024-10-03,BAJFINANCE.NS,743.385009765625,-3.4940904133283768,-2.116956989229536
2024-02-20,HDFCBANK.NS,727.1500244140625,2.6250846011627527,2.1168915785760882
2023-06-07,GOOGL,122.5,-3.7781774022735193,-2.1154412471619244
2025-01-20,BAJFINANCE.NS,744.010009765625,3.5922622914820623,2.1153778225640587
2023-10-27,AXISBANK.NS,1002.75,3.1582750468147625,2.114885999545879
2025-04-04,HCLTECH.NS,1422.0999755859375,-3.265084062114121,-2.1124684955822883
2025-10-24,AMD,252.9199981689453,7.630108624472043,2.112412436978107
2026-01-13,LT.NS,3887.39990234375,-3.274448809560837,-2.112283989368678
2023-07-20,AMZN,129.9600067138672,-3.9893571750408308,-2.112015629168368
2024-09-24,HINDUNILVR.NS,2950.550048828125,-2.5754898793956427,-2.1093964896689785
2026-05-25,HDFCBANK.NS,786.8499755859375,2.614761099654861,2.108582095317283
2023-08-15,BAC,29.940000534057617,-3.2007751741033763,-2.1059554134571004
2026-05-20,RELIANCE.NS,1359.699951171875,2.7973086388352053,2.103469905133158
2023-12-20,HCLTECH.NS,1439.949951171875,-3.2486794376120898,-2.1019158923867813
2024-08-05,HDFCBANK.NS,807.875,-2.6157986785667275,-2.10154456355775
2024-08-05,WIPRO.NS,242.5,-3.4153129751943734,-2.101227457581102
2024-11-22,LT.NS,3603.5,3.444811253050095,2.1006619268701754
2025-03-05,MSFT,401.0199890136719,3.193434067547818,2.1005600557822213
2024-10-31,TCS.NS,3968.449951171875,-2.8447958564380316,-2.0989818646253733
2023-06-07,MSFT,323.3800048828125,-3.0867861481214676,-2.0988155533110877
2023-06-15,MSFT,348.1000061035156,3.189663212910987,2.098038609966064
2025-03-11,ICICIBANK.NS,1245.4000244140625,2.514717820477408,2.0978739479019772
2025-02-03,HINDUNILVR.NS,2441.949951171875,-2.5578139465420646,-2.094802493714892
2023-10-03,ONGC.NS,184.6000061035156,-3.7789938855087413,-2.0947202826355813
2023-08-11,HCLTECH.NS,1171.449951171875,3.2751389177960943,2.094660897021706
2026-04-22,HINDUNILVR.NS,2368.800048828125,2.5143938583105374,2.0930262786331273
2025-04-10,NVDA,107.56999969482422,-5.912710599112647,-2.0928240865188896
2026-03-04,HINDUNILVR.NS,2261.300048828125,-2.5553756068534383,-2.092789297588539
2026-03-27,AMZN,199.33999633789065,-3.9510442389467215,-2.0923497923822687
2023-11-16,TCS.NS,3497.85009765625,2.747996577455858,2.090903174127433
2026-03-13,AXISBANK.NS,1197.300048828125,-3.0133617798197676,-2.0905397692454155
2025-08-19,RELIANCE.NS,1420.0999755859375,2.7791869270527236,2.089716100570527
2024-11-04,RELIANCE.NS,1302.1500244140625,-2.7266275228266856,-2.089022465117979
2026-05-27,HDFCBANK.NS,758.6500244140625,-2.599820177850598,-2.0886833183591142
2024-01-08,NVDA,52.25299835205078,6.428087708278873,2.0882438166065977
2024-04-19,BAC,36.970001220703125,3.3547686541306687,2.086325476133815
2025-03-12,NVDA,115.73999786376952,6.417796607613191,2.0847571871674515
2023-06-30,INFY.NS,1335.5,3.258980570588932,2.0837278772621604
2025-02-10,TITAN.NS,3327.449951171875,-2.842504562844783,-2.08211793641312
2023-06-02,BAC,28.709999084472656,3.3477263313179906,2.0818218992957247
2025-04-10,GOOGL,152.82000732421875,-3.7111707771944835,-2.07950984996774
2025-08-20,TCS.NS,3098.60009765625,2.731919230101454,2.0788587011849335
2023-08-02,AMD,109.3499984741211,-7.015306213473704,-2.0785739854469094
2025-11-10,GOOGL,290.1000061035156,4.0418965226070025,2.0779677172701634
2025-08-20,HINDUNILVR.NS,2669.800048828125,2.4953930736158814,2.077338429100357
2025-01-31,HINDUNILVR.NS,2468.800048828125,2.4929963187597215,2.075359567166253
2026-03-12,BAJFINANCE.NS,863.0999755859375,-3.418569685392858,-2.0718521208765237
2024-08-01,META,497.739990234375,4.824885603264795,2.067040950763768
2023-08-29,TSLA,257.17999267578125,7.687791972402569,2.0664087411856333
2023-08-24,AMD,101.8000030517578,-6.972491302329919,-2.066321911110577
2024-09-03,GOOGL,157.36000061035156,-3.684664030203022,-2.0652959650966163
2025-06-11,HCLTECH.NS,1721.9000244140625,3.2252292797514848,2.0625555229638652
2026-05-12,BAJFINANCE.NS,904.2000122070312,-3.4025934513426837,-2.0623102910596116
2025-02-04,HDFCBANK.NS,860.4500122070312,2.5566164728285212,2.0617809394465163
2024-11-05,HDFCBANK.NS,878.9249877929688,2.552359875336019,2.0583547641729054
2026-02-20,GOOGL,314.9800109863281,4.005284675036913,2.0583351087705983
2024-01-23,BAJFINANCE.NS,707.0700073242188,-3.393855355405484,-2.0570914501178255
2024-10-03,HDFCBANK.NS,841.0,-2.560534840814288,-2.0570621818512937
2024-08-28,WIPRO.NS,267.29998779296875,3.374253185358733,2.056195809747107
2025-06-06,AXISBANK.NS,1194.5999755859375,3.0716113534027256,2.0558323417025104
2025-05-23,ITC.NS,436.2999877929688,2.393799939767005,2.0551518412327408
2023-06-30,TCS.NS,3302.25,2.6994681971800105,2.0545477511654697
2024-02-02,ONGC.NS,257.25,3.8764410822187623,2.054076404665818
2026-03-04,BAJFINANCE.NS,945.0999755859376,-3.3887068146243204,-2.0540164763921647
2026-03-31,MSFT,370.1700134277344,3.1229168262500107,2.0534075081075853
2026-01-08,TCS.NS,3203.89990234375,-2.782503719966356,-2.0523152139817866
2025-03-28,MSFT,378.7999877929688,-3.0160272375136854,-2.0515014093594224
2026-02-04,ONGC.NS,266.95001220703125,3.871600080556914,2.0514528657366045
2026-02-03,TITAN.NS,4068.60009765625,2.919157844524567,2.0513434702906097
2024-11-06,GOOGL,176.50999450683594,3.9884463264875603,2.04930577190865
2026-04-15,TSLA,391.9500122070313,7.619439612820589,2.0476252539950206
2025-04-10,TSLA,252.3999938964844,-7.2740695894926155,-2.0451674606353274
2025-04-22,AAPL,199.7400054931641,3.4065032648089133,2.0440769813474318
2025-07-08,BAC,47.150001525878906,-3.1031613774522238,-2.043531232491586
2025-05-12,ONGC.NS,244.0200042724609,3.855974335933232,2.042984628751425
2024-07-12,HCLTECH.NS,1560.199951171875,3.194650835231716,2.0428853262267817
2024-09-18,HCLTECH.NS,1756.5,-3.1564438318401056,-2.0425834920573243
2023-12-04,ONGC.NS,202.0500030517578,3.8550500551802758,2.0424837228013164
2026-02-09,MSFT,413.6000061035156,3.106145236096225,2.0421929003074015
2024-04-15,ICICIBANK.NS,1078.3499755859375,-2.358751199950926,-2.0416948381693767
2025-09-10,AAPL,226.7899932861328,-3.225949486019397,-2.041606374170953
2025-03-12,TSLA,248.08999633789065,7.593891216839133,2.0406044580547893
2025-01-02,ONGC.NS,246.07000732421875,3.848917701386889,2.039160346767085
2025-03-12,WIPRO.NS,268.54998779296875,-3.312335628094054,-2.03817182063482
2023-10-06,TITAN.NS,3309.75,2.8991139437276603,2.036963820021992
2026-04-15,WIPRO.NS,209.75,3.3403945107752797,2.035463286020926
2025-03-26,NVDA,113.76000213623048,-5.741983731038703,-2.0349817484038937
2026-04-22,TCS.NS,2538.5,-2.758092319479022,-2.0340272186939528
2026-02-27,AAPL,264.17999267578125,-3.2130496937285313,-2.0336599222876957
2025-03-06,NVDA,110.56999969482422,-5.737428117511656,-2.0334383045340125
2025-01-06,RELIANCE.NS,1218.0,-2.649564302217655,-2.030533924523922
2023-07-26,LT.NS,2646.25,3.3328166234899426,2.0304417965508277
2026-04-01,TITAN.NS,4065.5,2.8875866901897806,2.0286940787120584
2025-03-05,BAJFINANCE.NS,829.8699951171875,-3.3455792971176956,-2.0282585016916364
2026-04-07,TCS.NS,2539.800048828125,2.6638162046064062,2.0278387767038755
2024-01-10,RELIANCE.NS,1325.050048828125,2.6971554991765068,2.027456848213712
2025-03-28,BAC,41.25,-3.0780106461958945,-2.0274472991417656
2026-02-17,ITC.NS,325.45001220703125,2.358861365640208,2.0257480375059953
2024-05-22,HINDUNILVR.NS,2366.89990234375,2.432161351947615,2.0251316517924303
2026-05-13,GOOGL,402.6199951171875,3.942168264634316,2.024489786625633
2023-07-21,TCS.NS,3368.300048828125,-2.7430484988485215,-2.0227570205361554
2025-01-21,AAPL,222.63999938964844,-3.1915803436166734,-2.0204345033211064
2024-09-16,BAJFINANCE.NS,734.5750122070312,-3.3263096915172152,-2.016749700762622
2023-10-25,MSFT,340.6700134277344,3.067804642811933,2.016555813271105
2024-12-18,GOOGL,188.3999938964844,-3.5922650385002752,-2.0157482544441616
2024-07-19,ONGC.NS,319.6499938964844,-3.632806110066056,-2.015495083670745
2025-03-10,META,597.989990234375,-4.422527266861664,-2.015034966339748
2025-01-02,HCLTECH.NS,1972.199951171875,3.1512331148140893,2.0149560081760125
2024-03-11,META,483.5899963378906,-4.419412062389894,-2.0136598248456177
2024-06-07,RELIANCE.NS,1469.949951171875,2.678819240007413,2.0135402089884233
2023-05-31,NVDA,37.83399963378906,-5.676748083521444,-2.012879882286314
2024-03-04,TSLA,188.13999938964844,-7.155546804023882,-2.0125969504691414
2024-07-08,ONGC.NS,299.1499938964844,3.7994383156330747,2.0123454221324275
2024-03-05,MSFT,402.6499938964844,-2.957201179544222,-2.012166369419307
2025-04-11,ONGC.NS,230.3699951171875,3.7983205294443545,2.011739647587098
2026-02-19,ONGC.NS,274.6499938964844,3.7981812400401216,2.011664160900673
2025-01-28,HDFCBANK.NS,835.2000122070312,2.4911016302355593,2.009047427729265
2026-03-12,LT.NS,3719.5,-3.107743235143068,-2.0077603420603034
2024-07-23,LT.NS,3538.050048828125,-3.105612944451175,-2.0064246593531028
2026-03-25,AMD,220.2700042724609,7.255202565872021,2.0051279237933675
2026-05-15,MSFT,421.9200134277344,3.050587640227831,2.0050433729058796
2024-04-26,NVDA,87.73500061035156,6.175569503917644,2.00269053772534
2023-10-11,WIPRO.NS,210.5749969482422,3.2863259096221675,2.0023557125544755
2023-10-26,TITAN.NS,3100.800048828125,-2.730682000766771,-2.001895560982548
2024-02-12,ONGC.NS,257.8999938964844,-3.6068003501280588,-2.0014014872733683
2025-09-12,BAJFINANCE.NS,1003.25,3.401185261530526,2.001256779019466
